N,P,K,temperature,humidity,ph,rainfall,label
83,47,41,27.51,81.36,6.31,291.47,Rice
86,44,41,22.54,80.44,6.5,169.24,Rice
66,44,36,24.49,78.67,5.84,287.5,Rice
78,48,35,22.34,82.74,5.94,249.35,Rice
75,45,38,28.33,82.25,5.98,264.99,Rice
70,49,34,20.38,83.09,6.7,242.2,Rice
79,45,35,21.9,80.46,6.82,248.23,Rice
65,50,38,22.01,84.75,6.81,268.79,Rice
73,45,40,26.14,80.38,6.33,197.48,Rice
70,53,44,23.52,86.31,6.54,213.62,Rice
82,58,39,27.61,71.82,6.73,239.25,Rice
77,48,34,23.15,83.73,6.99,218.06,Rice
73,44,42,24.52,80.18,6.61,239.6,Rice
87,43,39,22.72,76.45,6.52,245.34,Rice
80,46,35,22.65,80.93,6.08,230.56,Rice
83,61,40,24.34,82.0,5.63,235.27,Rice
80,65,39,24.45,82.16,5.93,276.2,Rice
86,53,37,27.21,76.69,6.63,312.87,Rice
72,44,40,22.44,76.1,6.43,199.02,Rice
83,41,44,21.74,81.01,6.73,193.12,Rice
81,57,35,24.16,83.34,6.71,192.91,Rice
69,51,40,24.33,83.69,6.13,244.33,Rice
82,42,45,24.88,77.53,6.66,202.09,Rice
86,56,37,26.11,83.95,6.73,302.59,Rice
78,42,37,21.66,81.99,6.54,245.88,Rice
86,48,44,23.04,93.18,6.65,206.2,Rice
71,51,39,25.49,84.19,6.37,206.56,Rice
67,44,42,24.24,77.32,6.47,249.69,Rice
72,49,40,20.84,83.73,6.62,274.11,Rice
88,38,37,24.99,84.36,6.61,371.05,Rice
84,55,42,25.33,81.04,6.7,209.15,Rice
78,44,40,29.49,74.83,6.67,179.75,Rice
76,55,40,21.01,79.44,6.67,210.64,Rice
81,48,38,29.06,84.84,5.59,242.73,Rice
74,53,37,23.41,84.32,6.75,194.19,Rice
77,44,38,28.11,83.92,5.9,268.33,Rice
96,55,35,22.49,87.37,6.12,251.73,Rice
86,41,39,15.6,78.2,6.3,192.53,Rice
93,37,38,24.03,88.07,5.83,276.91,Rice
80,41,41,24.2,79.9,6.43,222.71,Rice
80,52,44,20.61,90.83,5.62,230.89,Rice
84,49,38,23.18,80.33,6.16,265.94,Rice
82,43,42,24.47,85.55,6.65,207.19,Rice
75,53,41,23.65,82.77,6.91,215.5,Rice
84,46,39,26.45,85.6,6.73,281.89,Rice
80,52,39,24.51,81.78,6.44,257.03,Rice
73,62,36,20.66,86.93,6.72,258.04,Rice
85,47,37,23.89,79.59,6.79,231.05,Rice
73,45,41,22.29,79.01,6.5,244.77,Rice
75,44,40,20.08,76.67,6.11,228.73,Rice
82,58,42,23.3,82.22,6.0,235.55,Rice
77,50,37,25.0,88.43,6.36,250.26,Rice
85,45,40,23.73,82.69,6.09,237.06,Rice
83,58,42,29.08,79.23,6.75,242.62,Rice
97,42,37,22.2,73.8,6.19,209.63,Rice
81,50,45,26.08,79.99,6.04,253.42,Rice
69,60,43,22.53,75.45,6.94,232.19,Rice
89,36,38,23.71,82.49,6.22,258.0,Rice
71,47,40,24.99,85.15,5.95,182.51,Rice
90,50,37,27.58,82.76,6.87,238.56,Rice
96,60,39,26.13,84.88,6.95,202.43,Rice
85,55,34,20.74,74.14,6.29,261.31,Rice
92,48,44,20.25,75.49,6.38,249.64,Rice
79,33,39,20.44,84.98,6.55,203.3,Rice
75,40,39,26.09,78.36,6.6,217.64,Rice
73,47,36,22.32,77.51,7.19,237.43,Rice
74,49,39,23.15,84.76,6.7,217.63,Rice
75,46,33,19.91,87.77,7.06,227.48,Rice
84,50,49,26.5,81.79,6.02,179.97,Rice
81,42,35,22.08,77.97,7.07,267.06,Rice
79,58,40,21.55,88.39,6.62,199.9,Rice
78,41,35,26.02,89.94,5.84,255.9,Rice
74,44,38,21.54,82.49,6.07,245.67,Rice
79,46,37,22.26,85.32,6.6,201.99,Rice
80,53,34,25.06,79.65,6.63,209.49,Rice
65,36,40,24.35,78.68,6.66,178.05,Rice
79,39,38,23.82,78.86,6.25,271.42,Rice
75,53,36,25.02,88.07,5.41,208.31,Rice
84,46,41,22.19,82.65,6.34,277.07,Rice
82,50,38,22.48,80.57,6.56,221.47,Rice
82,62,42,22.88,87.1,6.24,164.87,Rice
71,34,38,23.75,89.01,6.53,228.53,Rice
86,32,40,25.63,76.39,6.86,248.05,Rice
76,52,46,24.15,83.29,6.22,206.46,Rice
86,42,40,22.51,84.22,6.53,272.51,Rice
75,46,37,22.59,83.81,6.7,203.92,Rice
86,57,41,28.39,79.2,5.9,173.94,Rice
91,52,39,24.4,77.8,7.38,240.72,Rice
80,53,41,24.26,79.14,6.59,302.07,Rice
90,59,38,21.23,81.8,6.42,274.5,Rice
66,58,39,22.63,78.25,5.74,265.01,Rice
80,38,36,22.86,88.98,6.3,183.59,Rice
78,46,31,23.56,81.38,6.68,300.91,Rice
89,46,36,30.13,82.54,6.41,235.36,Rice
81,46,38,22.33,82.17,6.18,211.25,Rice
80,46,44,17.07,86.67,6.9,163.63,Rice
77,45,35,21.76,77.86,7.1,268.95,Rice
90,53,36,22.39,84.26,5.91,261.15,Rice
78,45,42,24.81,80.86,6.86,198.36,Rice
84,52,39,24.52,77.3,6.77,229.73,Rice
71,56,17,17.89,54.2,6.5,65.59,Maize
99,31,25,23.08,64.42,5.93,90.79,Maize
77,56,20,22.88,62.55,6.17,89.42,Maize
57,37,22,22.95,63.81,6.21,90.01,Maize
71,41,20,19.27,67.96,5.35,100.24,Maize
83,50,22,27.73,72.2,5.28,65.61,Maize
70,48,21,20.08,66.41,5.82,75.63,Maize
61,40,15,19.28,72.48,5.73,124.29,Maize
83,49,17,24.64,61.07,6.26,123.2,Maize
76,57,17,22.29,77.5,5.89,111.99,Maize
86,43,21,25.51,69.45,5.41,73.89,Maize
75,47,21,22.97,55.75,6.39,93.96,Maize
84,56,22,23.87,64.61,5.37,91.24,Maize
80,50,16,18.94,72.47,6.18,95.02,Maize
78,48,22,20.75,65.77,5.97,78.28,Maize
74,49,18,26.42,58.84,6.11,78.2,Maize
95,49,23,17.65,66.97,6.64,86.03,Maize
90,43,24,29.76,62.56,5.98,106.6,Maize
96,43,18,21.5,55.69,5.74,69.74,Maize
68,47,20,27.36,58.11,6.69,81.59,Maize
77,53,16,23.62,66.27,6.45,89.14,Maize
107,42,18,20.41,61.21,5.88,102.64,Maize
95,43,17,23.91,61.23,6.52,87.84,Maize
59,60,25,20.44,62.39,6.34,89.82,Maize
85,64,19,19.85,55.44,5.83,84.3,Maize
99,43,20,22.35,73.42,7.46,76.84,Maize
72,56,22,28.31,69.19,6.02,93.66,Maize
91,54,21,25.81,73.29,6.89,94.53,Maize
75,49,23,19.79,67.68,6.0,85.23,Maize
93,49,20,18.05,70.32,6.52,117.25,Maize
74,49,20,27.45,64.43,6.34,93.92,Maize
80,44,20,25.84,57.91,6.27,74.3,Maize
92,35,18,23.61,76.06,6.17,76.47,Maize
100,36,13,23.81,61.59,5.69,95.43,Maize
80,43,16,25.19,69.65,6.15,112.5,Maize
65,35,17,22.25,66.8,6.08,90.08,Maize
62,59,19,25.98,67.5,6.43,93.35,Maize
83,53,23,23.03,70.06,6.16,106.4,Maize
69,62,19,17.82,66.0,5.86,97.41,Maize
70,44,14,20.95,48.13,5.41,96.21,Maize
87,51,17,22.25,65.07,5.62,107.35,Maize
88,46,20,23.07,50.81,6.08,74.57,Maize
65,45,25,24.45,61.1,6.49,105.79,Maize
89,48,18,24.63,67.85,6.65,94.33,Maize
90,43,23,23.03,79.63,5.86,110.84,Maize
80,42,18,21.37,68.07,6.46,76.19,Maize
77,65,25,23.8,65.37,6.26,94.0,Maize
65,45,14,23.68,69.63,5.96,108.41,Maize
63,36,20,25.75,76.89,5.97,100.98,Maize
77,46,22,24.49,54.07,6.94,105.5,Maize
70,51,21,23.23,61.25,5.86,84.42,Maize
92,52,18,24.87,45.16,6.77,58.7,Maize
73,39,16,26.11,61.83,6.37,84.1,Maize
83,48,16,25.59,61.64,5.42,78.38,Maize
96,54,18,21.28,62.85,7.24,90.53,Maize
83,56,20,21.57,63.73,6.16,84.24,Maize
86,48,22,22.14,65.65,5.2,98.54,Maize
82,55,11,29.08,64.12,6.75,69.2,Maize
85,39,18,28.52,63.77,6.31,97.85,Maize
83,49,21,30.09,64.7,6.3,100.56,Maize
91,57,21,18.74,76.53,5.63,89.34,Maize
68,47,20,23.43,68.05,7.01,91.6,Maize
75,55,23,18.47,69.28,6.55,80.34,Maize
94,46,20,21.85,65.21,5.65,63.2,Maize
97,41,17,15.51,60.63,5.54,109.43,Maize
90,42,26,25.54,62.83,4.95,119.16,Maize
61,34,23,30.21,74.79,6.48,93.72,Maize
88,54,20,22.73,64.66,5.82,80.59,Maize
57,47,17,18.87,66.36,6.9,98.57,Maize
59,40,22,19.26,63.53,6.48,70.27,Maize
79,37,18,23.42,53.95,6.42,84.51,Maize
84,49,24,22.8,62.09,6.26,92.95,Maize
78,48,17,20.28,55.28,7.07,66.14,Maize
69,42,22,21.46,73.83,5.86,88.98,Maize
67,65,16,23.39,69.54,6.41,82.02,Maize
76,48,19,25.48,80.57,5.92,64.25,Maize
76,68,17,27.65,76.84,5.92,93.33,Maize
97,44,19,20.54,58.0,5.88,66.44,Maize
78,41,20,17.42,67.42,6.62,54.89,Maize
82,57,16,27.75,68.03,5.85,83.96,Maize
84,48,21,19.45,66.29,5.49,83.13,Maize
67,42,23,25.89,69.36,5.65,80.05,Maize
92,49,26,23.66,66.44,6.05,86.8,Maize
76,53,22,19.88,55.78,5.28,92.42,Maize
64,30,21,30.38,65.06,6.62,86.03,Maize
76,55,19,23.26,67.35,5.87,99.68,Maize
75,41,21,19.52,65.3,6.2,101.09,Maize
83,47,22,26.85,69.0,6.21,65.12,Maize
65,45,18,21.8,65.5,6.46,83.74,Maize
83,48,14,19.39,64.09,5.6,93.8,Maize
96,57,19,27.17,66.14,6.03,75.6,Maize
74,44,20,22.91,65.12,6.42,102.66,Maize
89,36,12,25.39,55.53,6.09,67.25,Maize
56,52,22,20.56,46.96,5.93,90.68,Maize
60,49,19,24.25,65.94,5.71,102.75,Maize
76,47,17,20.98,58.91,6.11,110.48,Maize
61,35,24,21.73,60.42,6.72,75.72,Maize
99,53,18,29.3,60.86,6.57,89.29,Maize
93,60,20,19.99,68.32,5.86,115.0,Maize
79,45,20,18.09,58.3,6.8,74.95,Maize
29,72,83,19.98,18.89,6.85,65.88,Chickpea
55,65,79,20.89,18.01,7.57,101.75,Chickpea
33,75,80,19.3,19.96,7.6,85.48,Chickpea
50,65,77,17.33,12.97,8.53,69.07,Chickpea
37,65,80,20.12,18.62,6.95,78.43,Chickpea
42,66,84,19.64,18.37,7.7,91.83,Chickpea
41,57,81,17.92,15.84,7.65,92.48,Chickpea
40,70,85,19.26,22.1,7.64,62.49,Chickpea
47,71,83,19.91,16.62,6.57,78.01,Chickpea
31,63,81,21.4,17.69,6.58,84.55,Chickpea
51,63,79,18.92,15.33,7.69,78.89,Chickpea
44,60,78,19.98,16.15,8.34,76.1,Chickpea
42,75,75,16.26,13.85,8.06,74.58,Chickpea
65,63,80,21.21,20.91,8.54,92.18,Chickpea
50,72,82,18.07,15.26,7.3,78.4,Chickpea
35,73,82,19.03,19.86,6.61,78.16,Chickpea
32,53,79,18.72,19.93,7.68,69.86,Chickpea
58,77,81,18.56,14.98,7.08,90.99,Chickpea
58,80,78,17.22,17.18,6.24,83.33,Chickpea
38,64,75,19.67,15.83,6.6,51.38,Chickpea
39,82,84,18.21,15.7,7.58,70.12,Chickpea
43,74,83,18.75,16.49,6.77,71.83,Chickpea
37,70,82,17.7,19.89,7.14,79.89,Chickpea
32,48,82,20.01,16.34,7.34,85.26,Chickpea
24,63,82,17.02,17.49,6.49,84.76,Chickpea
39,55,83,17.8,15.28,7.42,91.59,Chickpea
29,68,81,19.94,17.25,7.08,71.82,Chickpea
40,59,71,19.55,18.71,5.88,70.0,Chickpea
46,84,80,17.81,16.53,8.12,73.64,Chickpea
32,64,77,19.08,20.15,7.49,77.58,Chickpea
37,55,82,18.78,16.54,9.22,83.09,Chickpea
32,64,83,19.07,14.02,7.85,73.42,Chickpea
58,76,78,20.82,17.04,7.81,84.95,Chickpea
31,62,83,18.4,16.09,6.73,84.34,Chickpea
60,59,80,21.02,16.74,7.57,69.48,Chickpea
44,66,82,20.68,22.08,7.65,83.36,Chickpea
41,65,81,18.46,17.24,8.09,70.03,Chickpea
51,78,79,15.72,15.68,8.08,79.87,Chickpea
30,63,82,19.72,16.42,7.08,76.18,Chickpea
30,80,79,20.73,19.94,7.9,75.78,Chickpea
44,67,77,19.39,14.54,8.01,75.45,Chickpea
42,70,79,19.78,15.95,7.82,66.64,Chickpea
41,83,76,17.88,17.93,7.41,83.61,Chickpea
44,73,83,19.51,16.42,7.7,99.1,Chickpea
38,60,83,18.72,12.55,7.81,74.75,Chickpea
39,70,80,19.96,16.03,7.61,77.5,Chickpea
47,72,77,20.53,15.83,7.78,83.77,Chickpea
58,66,78,18.87,16.29,7.78,63.94,Chickpea
29,59,82,21.47,16.69,7.2,80.8,Chickpea
51,60,80,20.36,17.9,7.41,90.11,Chickpea
12,73,78,16.15,17.92,8.12,78.73,Chickpea
49,80,83,21.36,18.38,7.35,64.08,Chickpea
37,61,86,18.64,17.15,7.63,80.54,Chickpea
56,63,80,17.79,14.26,6.93,79.73,Chickpea
35,62,75,18.78,13.89,7.76,80.92,Chickpea
25,65,77,19.38,19.58,6.17,81.25,Chickpea
38,73,80,17.77,16.26,6.82,90.86,Chickpea
40,83,79,17.84,13.87,6.22,64.26,Chickpea
42,72,75,20.24,15.93,7.39,96.22,Chickpea
48,65,77,15.67,15.46,7.17,70.23,Chickpea
38,68,79,17.92,17.24,7.57,69.2,Chickpea
54,67,80,19.96,17.37,7.87,82.97,Chickpea
33,70,76,19.06,16.83,7.18,78.81,Chickpea
21,63,80,19.14,14.84,8.06,71.44,Chickpea
49,71,78,21.56,14.51,7.85,90.11,Chickpea
33,79,79,19.33,17.42,7.22,88.21,Chickpea
47,54,83,16.41,18.97,7.98,69.19,Chickpea
35,59,79,18.44,18.46,8.09,94.06,Chickpea
34,66,74,17.69,18.83,8.27,67.76,Chickpea
34,67,80,17.69,17.75,7.02,79.96,Chickpea
45,68,78,18.74,16.72,7.08,77.51,Chickpea
55,72,79,19.95,16.23,8.0,83.8,Chickpea
38,71,75,17.21,14.51,7.39,97.43,Chickpea
62,73,81,16.2,15.81,6.83,73.89,Chickpea
38,64,74,20.02,14.75,7.44,100.84,Chickpea
30,47,79,20.55,20.82,6.56,85.07,Chickpea
35,67,87,16.65,17.41,7.58,90.96,Chickpea
40,70,78,19.3,16.21,7.67,76.4,Chickpea
43,67,83,18.82,13.35,8.06,71.04,Chickpea
33,63,84,15.7,23.18,7.93,82.33,Chickpea
39,70,81,19.87,18.01,7.35,78.13,Chickpea
38,66,83,19.79,11.02,7.69,82.05,Chickpea
39,64,83,20.32,15.35,7.54,70.38,Chickpea
26,62,82,20.33,17.93,7.74,85.26,Chickpea
33,71,82,20.03,19.28,7.72,83.61,Chickpea
50,67,77,18.66,15.41,6.89,78.65,Chickpea
32,65,74,19.22,16.9,6.81,86.69,Chickpea
49,55,77,17.75,15.02,7.8,78.16,Chickpea
37,51,81,17.04,17.02,7.47,93.71,Chickpea
26,43,80,21.6,19.38,7.43,75.18,Chickpea
48,60,81,19.66,19.02,8.96,84.02,Chickpea
34,67,74,17.86,16.08,6.99,81.62,Chickpea
31,76,80,18.89,16.24,7.39,88.35,Chickpea
31,62,79,16.88,15.26,7.01,88.84,Chickpea
42,69,82,18.69,17.68,7.24,82.75,Chickpea
34,48,79,21.03,18.75,7.88,92.46,Chickpea
40,69,78,18.43,18.13,8.02,78.71,Chickpea
35,68,81,16.73,12.31,6.97,67.89,Chickpea
34,66,78,21.08,17.55,7.48,86.32,Chickpea
28,76,79,19.91,14.76,6.37,88.28,Chickpea
23,59,17,23.25,19.22,6.03,83.38,Kidneybeans
24,64,21,18.58,21.27,5.71,80.85,Kidneybeans
25,62,19,17.32,16.48,5.66,166.22,Kidneybeans
25,66,19,20.16,22.69,5.46,133.76,Kidneybeans
25,72,21,20.15,22.95,5.82,97.05,Kidneybeans
17,67,24,16.63,18.66,5.73,107.17,Kidneybeans
22,68,19,24.27,18.4,5.53,103.32,Kidneybeans
11,65,24,20.16,22.06,5.45,90.49,Kidneybeans
18,64,23,21.66,19.38,5.75,118.36,Kidneybeans
27,79,16,17.83,19.08,5.65,117.56,Kidneybeans
26,66,19,20.52,19.93,6.12,65.71,Kidneybeans
22,83,20,19.57,20.89,5.66,140.22,Kidneybeans
7,79,15,19.35,20.74,5.82,65.95,Kidneybeans
23,83,15,20.63,20.28,5.79,106.38,Kidneybeans
17,70,25,19.57,23.04,5.44,81.99,Kidneybeans
23,78,21,19.22,21.6,5.45,121.01,Kidneybeans
26,63,18,20.84,20.73,5.69,158.39,Kidneybeans
19,64,18,22.18,21.24,5.57,138.93,Kidneybeans
29,62,14,22.92,20.23,5.86,56.65,Kidneybeans
26,57,22,20.14,19.69,5.62,123.06,Kidneybeans
21,71,25,15.72,24.83,5.72,83.43,Kidneybeans
13,65,22,19.74,24.62,5.41,105.6,Kidneybeans
13,69,22,18.92,16.39,5.74,116.82,Kidneybeans
23,76,16,22.0,23.99,5.34,113.89,Kidneybeans
17,66,21,18.74,20.25,5.71,78.72,Kidneybeans
14,72,16,21.97,22.53,5.35,88.96,Kidneybeans
28,59,18,21.39,23.17,5.65,90.96,Kidneybeans
29,80,22,20.34,19.98,5.53,118.96,Kidneybeans
23,78,21,15.89,23.7,5.5,96.3,Kidneybeans
22,82,29,21.8,21.23,5.81,128.09,Kidneybeans
19,81,20,21.49,22.93,5.78,126.87,Kidneybeans
17,62,16,21.33,23.16,5.79,147.76,Kidneybeans
20,72,16,19.02,22.99,5.87,98.55,Kidneybeans
20,54,18,22.59,22.75,5.8,107.14,Kidneybeans
21,61,22,21.28,22.58,5.59,52.07,Kidneybeans
27,63,17,22.04,20.82,5.91,121.33,Kidneybeans
25,56,23,20.83,20.86,5.73,61.49,Kidneybeans
23,58,15,15.84,23.83,5.57,144.24,Kidneybeans
17,53,16,23.56,21.29,5.59,109.9,Kidneybeans
24,75,24,19.09,18.95,5.62,112.41,Kidneybeans
15,59,21,19.96,21.67,5.55,100.14,Kidneybeans
15,74,23,14.93,19.74,5.4,89.65,Kidneybeans
20,55,17,17.29,22.01,5.71,87.86,Kidneybeans
22,62,19,24.79,24.28,5.44,126.64,Kidneybeans
25,57,22,24.41,19.35,5.52,131.34,Kidneybeans
22,71,21,21.19,18.95,5.91,135.14,Kidneybeans
19,66,15,21.54,22.74,5.69,134.01,Kidneybeans
18,71,16,20.03,21.25,5.75,96.66,Kidneybeans
20,73,18,15.6,25.1,5.98,73.59,Kidneybeans
25,62,20,20.92,21.13,5.54,88.64,Kidneybeans
15,60,19,18.1,22.96,6.0,91.4,Kidneybeans
22,70,21,20.31,23.09,5.8,74.96,Kidneybeans
26,74,17,20.21,22.97,5.66,132.72,Kidneybeans
35,60,15,20.95,23.04,5.65,142.23,Kidneybeans
12,72,18,24.91,25.59,5.55,92.16,Kidneybeans
26,63,19,20.17,17.76,5.7,88.66,Kidneybeans
18,78,16,22.38,21.04,5.64,125.66,Kidneybeans
23,71,22,19.17,20.38,5.48,85.26,Kidneybeans
38,76,15,16.4,22.56,5.81,119.62,Kidneybeans
19,65,20,20.34,17.16,5.65,84.61,Kidneybeans
22,90,21,19.22,23.44,5.8,116.4,Kidneybeans
24,83,16,21.43,19.75,5.81,82.93,Kidneybeans
18,64,22,22.67,19.11,5.71,88.16,Kidneybeans
13,65,19,26.89,22.47,5.42,91.78,Kidneybeans
27,83,15,14.84,25.34,5.78,84.19,Kidneybeans
24,45,20,21.02,23.45,5.5,108.04,Kidneybeans
15,69,17,18.96,19.61,5.83,127.36,Kidneybeans
19,67,15,19.26,21.5,6.22,78.1,Kidneybeans
29,74,20,25.02,22.34,5.78,104.57,Kidneybeans
28,75,18,16.41,21.19,5.54,104.31,Kidneybeans
28,63,19,20.26,23.3,5.25,90.73,Kidneybeans
22,76,18,14.85,22.84,5.57,76.16,Kidneybeans
17,65,18,13.92,23.39,5.95,122.19,Kidneybeans
14,65,19,21.78,22.94,5.55,107.95,Kidneybeans
23,78,22,22.31,21.77,5.98,116.14,Kidneybeans
15,78,22,18.86,20.64,5.76,117.48,Kidneybeans
22,69,25,23.1,21.98,5.89,80.09,Kidneybeans
23,81,19,17.73,20.3,5.48,86.28,Kidneybeans
18,55,20,22.63,19.78,6.0,118.67,Kidneybeans
27,61,22,17.04,23.38,5.73,119.73,Kidneybeans
13,59,21,17.44,22.53,5.43,127.1,Kidneybeans
13,71,21,18.15,22.76,5.75,92.43,Kidneybeans
14,51,21,15.72,21.79,5.65,122.88,Kidneybeans
19,64,22,21.04,22.23,5.79,67.51,Kidneybeans
25,71,16,19.42,21.52,5.67,114.25,Kidneybeans
29,75,16,21.84,24.26,5.78,133.17,Kidneybeans
33,75,20,23.03,21.89,5.7,97.11,Kidneybeans
30,60,24,21.5,18.8,5.77,53.4,Kidneybeans
24,74,18,20.45,25.51,5.6,79.43,Kidneybeans
29,82,20,22.93,24.28,5.55,93.77,Kidneybeans
28,80,21,17.64,25.57,5.59,97.52,Kidneybeans
23,79,22,21.26,22.53,5.71,119.85,Kidneybeans
5,64,20,16.88,22.37,5.66,149.79,Kidneybeans
30,63,19,19.89,20.7,5.74,86.94,Kidneybeans
14,71,21,17.85,23.39,5.57,112.23,Kidneybeans
25,66,21,18.65,21.21,5.66,87.24,Kidneybeans
19,54,18,19.3,21.09,5.65,104.36,Kidneybeans
23,73,18,16.73,19.52,5.6,97.1,Kidneybeans
16,56,18,20.61,22.79,5.59,95.58,Kidneybeans
15,66,17,21.7,18.03,5.63,113.43,Kidneybeans
22,89,21,22.68,46.95,4.38,147.08,Pigeonpeas
16,75,18,27.12,40.47,7.19,139.86,Pigeonpeas
31,74,21,29.54,52.83,4.26,141.13,Pigeonpeas
26,67,15,27.44,68.55,6.8,147.64,Pigeonpeas
26,65,14,23.08,66.85,5.58,142.2,Pigeonpeas
19,83,24,38.79,46.19,6.04,104.0,Pigeonpeas
29,58,20,22.21,41.03,5.13,131.26,Pigeonpeas
17,63,22,22.18,50.75,6.77,134.1,Pigeonpeas
16,66,23,28.67,41.73,6.19,116.43,Pigeonpeas
25,71,19,23.51,37.46,6.23,186.37,Pigeonpeas
17,71,13,24.78,47.73,5.07,121.4,Pigeonpeas
16,70,19,16.51,22.65,5.31,163.23,Pigeonpeas
4,64,18,34.64,43.48,6.11,153.74,Pigeonpeas
8,74,20,30.24,95.21,4.13,201.24,Pigeonpeas
19,70,19,25.58,41.26,6.06,103.98,Pigeonpeas
25,64,16,25.45,63.19,5.37,160.25,Pigeonpeas
16,74,22,36.94,45.99,6.33,152.44,Pigeonpeas
28,62,22,26.73,47.33,5.87,157.07,Pigeonpeas
20,69,24,32.63,58.53,5.44,122.82,Pigeonpeas
26,75,24,24.68,45.35,4.49,137.73,Pigeonpeas
26,64,21,26.75,51.99,4.88,152.06,Pigeonpeas
3,66,15,33.73,57.43,6.17,195.13,Pigeonpeas
15,81,22,26.52,61.73,4.91,124.76,Pigeonpeas
17,63,16,33.82,44.99,6.08,132.39,Pigeonpeas
10,70,14,27.36,31.68,7.39,176.84,Pigeonpeas
21,78,17,30.42,50.5,6.01,187.67,Pigeonpeas
25,70,15,22.9,46.63,5.87,115.59,Pigeonpeas
35,80,21,28.06,45.55,5.04,151.82,Pigeonpeas
22,58,21,26.92,25.21,5.11,137.09,Pigeonpeas
32,72,15,30.13,29.53,6.67,135.37,Pigeonpeas
20,78,16,20.71,41.1,6.63,103.92,Pigeonpeas
4,64,21,33.7,42.54,5.47,184.12,Pigeonpeas
9,64,20,29.95,41.98,5.83,74.85,Pigeonpeas
17,71,17,27.99,53.46,5.53,154.61,Pigeonpeas
15,66,21,28.48,41.06,5.98,170.94,Pigeonpeas
8,77,18,29.83,62.47,4.7,128.22,Pigeonpeas
19,61,25,23.42,41.43,5.96,113.44,Pigeonpeas
18,70,19,27.23,41.75,4.59,159.15,Pigeonpeas
31,68,20,31.16,32.87,7.16,155.57,Pigeonpeas
30,62,25,31.58,54.74,5.99,142.04,Pigeonpeas
28,69,14,22.11,45.87,6.05,147.8,Pigeonpeas
28,52,20,18.61,57.22,5.72,162.09,Pigeonpeas
15,78,23,30.62,46.55,6.26,128.29,Pigeonpeas
26,81,23,24.05,52.44,4.77,166.67,Pigeonpeas
23,53,16,26.28,44.49,4.83,161.17,Pigeonpeas
22,66,17,32.94,67.96,5.41,131.13,Pigeonpeas
23,65,19,31.4,25.19,6.85,151.68,Pigeonpeas
18,67,19,19.04,66.04,5.83,162.79,Pigeonpeas
26,59,21,26.36,58.26,4.1,146.53,Pigeonpeas
17,71,21,24.16,39.55,5.71,122.6,Pigeonpeas
26,65,11,25.83,35.64,4.49,112.38,Pigeonpeas
21,78,20,24.67,53.57,5.43,128.66,Pigeonpeas
14,53,18,28.49,46.94,5.47,121.13,Pigeonpeas
24,57,22,22.69,39.07,4.63,134.46,Pigeonpeas
26,72,22,30.31,34.86,5.54,126.09,Pigeonpeas
28,58,22,32.16,70.06,5.47,170.87,Pigeonpeas
34,63,15,18.3,56.65,4.29,138.33,Pigeonpeas
23,69,21,28.81,63.45,5.04,129.19,Pigeonpeas
16,74,22,29.96,62.3,4.86,199.52,Pigeonpeas
30,73,25,19.42,41.81,5.21,171.14,Pigeonpeas
14,74,24,31.18,51.51,5.01,124.09,Pigeonpeas
28,74,19,25.61,23.79,4.94,206.84,Pigeonpeas
13,69,23,21.43,50.32,6.55,149.87,Pigeonpeas
38,54,23,26.84,57.36,6.15,127.51,Pigeonpeas
22,53,21,29.19,55.76,6.65,160.53,Pigeonpeas
21,60,17,33.63,65.34,5.61,150.88,Pigeonpeas
15,77,21,37.41,37.56,5.5,156.44,Pigeonpeas
24,66,17,32.11,56.75,5.07,190.16,Pigeonpeas
28,69,20,30.47,37.76,5.82,84.93,Pigeonpeas
26,55,24,26.05,45.56,5.3,140.86,Pigeonpeas
29,48,23,29.39,33.62,4.94,199.79,Pigeonpeas
15,58,23,29.39,36.84,5.97,118.73,Pigeonpeas
27,76,21,29.51,69.23,5.8,114.04,Pigeonpeas
23,84,16,25.89,53.1,5.76,120.03,Pigeonpeas
27,86,20,23.18,29.51,6.01,182.62,Pigeonpeas
23,67,18,22.24,58.12,6.53,103.13,Pigeonpeas
30,72,24,20.99,31.71,5.68,164.58,Pigeonpeas
31,73,19,22.57,62.86,5.03,198.35,Pigeonpeas
19,80,22,27.02,41.87,5.53,162.35,Pigeonpeas
21,63,19,28.09,22.56,6.17,120.11,Pigeonpeas
14,54,14,20.92,39.59,7.36,133.72,Pigeonpeas
22,71,20,27.31,33.76,6.96,203.72,Pigeonpeas
10,59,19,22.88,54.17,5.22,214.45,Pigeonpeas
28,69,23,33.23,41.33,5.15,151.84,Pigeonpeas
26,69,15,23.69,47.21,5.74,208.68,Pigeonpeas
12,72,24,39.06,43.25,6.19,166.59,Pigeonpeas
22,67,21,15.04,56.28,5.9,142.83,Pigeonpeas
33,62,18,37.66,38.12,5.36,145.09,Pigeonpeas
26,69,16,25.04,40.81,5.74,162.28,Pigeonpeas
23,53,23,28.96,64.71,6.16,182.54,Pigeonpeas
23,78,21,27.21,75.37,6.51,166.71,Pigeonpeas
13,57,20,28.43,40.73,5.91,197.16,Pigeonpeas
25,58,19,23.68,43.45,5.47,135.17,Pigeonpeas
13,66,18,13.05,72.74,6.67,138.21,Pigeonpeas
21,58,25,37.19,49.98,6.62,154.76,Pigeonpeas
12,64,20,25.43,45.48,5.73,147.07,Pigeonpeas
21,59,17,21.28,59.83,4.12,184.11,Pigeonpeas
29,65,12,25.89,47.33,4.99,134.04,Pigeonpeas
30,73,17,19.71,44.18,5.63,164.39,Pigeonpeas
17,72,25,31.78,47.52,5.65,138.8,Pigeonpeas
28,42,20,28.33,49.69,5.15,55.08,Mothbeans
20,52,18,31.25,47.06,8.85,30.23,Mothbeans
23,51,17,29.26,62.16,4.14,57.23,Mothbeans
6,40,24,26.75,44.98,6.56,76.01,Mothbeans
10,39,24,32.84,52.48,5.31,76.35,Mothbeans
30,53,17,28.08,52.08,7.2,68.61,Mothbeans
26,39,24,28.98,58.01,8.56,37.86,Mothbeans
20,43,15,29.07,70.78,4.59,50.81,Mothbeans
24,48,19,24.95,54.83,5.89,24.92,Mothbeans
28,55,20,28.77,60.72,7.07,62.05,Mothbeans
19,58,20,28.69,44.31,7.14,41.22,Mothbeans
17,41,16,33.51,62.52,9.1,36.53,Mothbeans
21,37,17,25.9,61.88,6.32,64.02,Mothbeans
24,66,15,31.35,61.23,5.63,63.29,Mothbeans
23,46,17,26.4,67.55,6.8,60.59,Mothbeans
16,41,23,24.83,50.29,6.84,52.54,Mothbeans
19,51,22,30.04,46.3,6.46,65.54,Mothbeans
26,37,21,23.25,53.53,9.08,39.83,Mothbeans
15,54,15,26.62,57.38,6.04,48.37,Mothbeans
25,51,20,27.35,55.79,6.65,56.69,Mothbeans
18,46,17,28.11,47.52,5.46,54.3,Mothbeans
22,54,18,29.22,57.06,7.33,41.29,Mothbeans
21,50,20,22.98,54.32,9.46,46.88,Mothbeans
16,50,20,31.18,44.39,7.68,58.29,Mothbeans
20,50,23,30.38,45.2,7.78,50.42,Mothbeans
21,48,19,31.18,52.61,5.46,46.48,Mothbeans
22,57,21,26.07,70.6,7.12,66.5,Mothbeans
20,52,22,31.25,60.6,7.85,47.42,Mothbeans
17,50,22,27.64,60.66,8.54,40.2,Mothbeans
15,46,20,26.89,62.67,7.31,51.67,Mothbeans
12,37,20,22.87,60.29,6.61,90.12,Mothbeans
34,46,19,30.69,65.12,4.83,29.76,Mothbeans
17,52,21,30.87,44.8,4.02,61.5,Mothbeans
16,31,20,30.18,52.35,6.25,49.29,Mothbeans
18,37,17,29.5,55.45,7.0,39.26,Mothbeans
19,30,20,31.77,42.88,6.1,55.15,Mothbeans
28,44,17,23.28,53.92,9.25,54.53,Mothbeans
20,50,19,26.17,58.96,7.07,51.41,Mothbeans
15,58,21,26.82,60.21,6.2,41.82,Mothbeans
16,33,21,23.62,44.6,4.31,50.17,Mothbeans
20,45,16,25.27,56.45,6.14,55.0,Mothbeans
15,49,23,29.67,50.31,7.11,48.31,Mothbeans
21,45,19,28.73,46.25,5.58,34.54,Mothbeans
11,38,20,25.97,56.8,6.84,27.58,Mothbeans
24,54,17,29.25,47.2,6.92,36.03,Mothbeans
10,44,19,27.21,44.91,6.32,54.43,Mothbeans
20,49,17,31.13,44.97,7.39,65.38,Mothbeans
23,46,18,30.79,43.24,5.64,46.43,Mothbeans
28,51,17,27.42,48.9,5.95,62.95,Mothbeans
12,60,22,30.93,49.96,6.62,34.0,Mothbeans
17,51,23,25.43,50.64,6.62,34.45,Mothbeans
24,42,19,27.07,47.67,6.79,48.61,Mothbeans
18,42,20,32.33,54.18,8.0,34.52,Mothbeans
21,39,15,26.35,61.54,7.94,54.12,Mothbeans
11,46,20,28.64,40.29,5.73,50.43,Mothbeans
24,30,19,28.56,59.15,7.63,58.19,Mothbeans
16,32,18,30.7,62.95,7.65,56.35,Mothbeans
23,43,19,32.37,46.6,8.74,47.34,Mothbeans
28,36,21,26.36,43.29,7.06,63.31,Mothbeans
15,36,19,27.98,57.04,7.94,50.49,Mothbeans
32,49,18,24.17,51.36,6.4,62.72,Mothbeans
23,38,20,29.88,63.9,7.87,60.33,Mothbeans
21,51,23,24.87,50.75,5.87,55.75,Mothbeans
28,43,12,27.17,59.59,7.45,56.34,Mothbeans
19,37,21,26.11,68.49,7.48,44.23,Mothbeans
17,47,19,30.99,54.5,5.92,73.89,Mothbeans
21,54,18,29.11,55.38,4.53,75.38,Mothbeans
28,44,16,29.07,53.81,7.23,53.5,Mothbeans
24,59,21,25.58,62.74,8.77,89.02,Mothbeans
14,49,13,29.58,49.36,9.11,41.9,Mothbeans
10,44,14,30.08,38.74,6.83,26.27,Mothbeans
19,61,21,26.04,52.98,6.82,56.87,Mothbeans
12,52,11,26.63,49.78,7.56,51.47,Mothbeans
12,40,20,28.0,49.15,6.22,59.55,Mothbeans
17,47,26,24.64,40.24,7.74,43.06,Mothbeans
19,41,19,32.2,58.81,7.83,34.21,Mothbeans
14,25,17,30.59,56.82,6.53,50.93,Mothbeans
16,49,22,24.16,55.3,7.92,46.22,Mothbeans
25,70,19,29.18,48.03,7.02,56.72,Mothbeans
22,39,20,31.86,56.34,7.95,48.36,Mothbeans
25,50,17,29.0,46.26,6.04,53.47,Mothbeans
22,38,23,29.63,48.27,4.95,49.46,Mothbeans
18,48,18,23.18,50.48,6.43,58.8,Mothbeans
16,61,14,31.48,51.63,7.83,52.16,Mothbeans
27,44,16,31.75,52.41,7.07,66.02,Mothbeans
14,52,18,27.87,53.71,5.0,41.85,Mothbeans
29,55,19,28.81,51.14,8.43,48.8,Mothbeans
22,57,17,32.1,42.49,8.76,46.73,Mothbeans
19,32,18,25.6,48.95,6.64,62.69,Mothbeans
22,50,16,26.0,65.79,5.92,71.07,Mothbeans
19,48,23,31.38,52.42,6.33,50.53,Mothbeans
23,55,20,29.75,64.67,7.26,54.94,Mothbeans
11,26,21,27.96,49.6,7.09,50.48,Mothbeans
27,48,17,30.68,51.68,7.43,45.47,Mothbeans
17,48,20,29.4,51.32,4.6,46.01,Mothbeans
25,45,19,30.67,48.22,4.95,49.27,Mothbeans
18,40,19,29.43,53.13,7.17,72.96,Mothbeans
18,50,18,26.08,49.11,6.23,55.51,Mothbeans
35,42,18,28.04,55.97,7.12,66.61,Mothbeans
6,28,18,30.94,42.24,3.5,58.05,Mothbeans
22,38,17,27.34,85.83,6.51,52.35,Mungbean
3,40,16,28.19,83.89,6.94,33.53,Mungbean
21,51,25,27.92,86.47,6.16,29.26,Mungbean
26,46,23,26.85,87.06,7.26,51.76,Mungbean
22,47,15,30.13,83.67,6.85,35.9,Mungbean
13,58,18,30.24,85.27,6.15,55.54,Mungbean
17,52,20,26.65,85.99,7.36,52.34,Mungbean
20,55,20,28.75,82.23,6.77,56.68,Mungbean
15,58,19,27.43,88.49,6.61,54.48,Mungbean
19,46,21,28.85,79.51,6.36,55.84,Mungbean
20,42,15,27.2,79.43,6.67,43.61,Mungbean
15,46,21,31.01,80.96,7.05,56.18,Mungbean
16,48,18,28.72,90.03,6.88,52.47,Mungbean
18,35,19,29.95,80.92,6.38,49.41,Mungbean
15,40,18,26.86,82.58,6.91,37.94,Mungbean
11,41,22,28.26,84.11,6.71,34.43,Mungbean
23,50,18,29.71,82.12,7.04,49.64,Mungbean
18,46,19,29.96,82.27,6.47,56.69,Mungbean
17,54,25,28.02,87.54,6.35,54.44,Mungbean
22,50,18,26.51,87.01,6.08,45.86,Mungbean
26,48,25,29.73,83.54,6.71,48.02,Mungbean
11,39,18,26.06,85.64,6.63,35.02,Mungbean
23,52,20,28.11,87.27,6.9,50.86,Mungbean
16,49,23,27.78,91.79,6.54,48.66,Mungbean
16,48,14,27.84,82.22,6.74,56.36,Mungbean
24,28,26,28.85,83.17,6.75,49.81,Mungbean
16,48,18,28.01,83.44,6.27,49.57,Mungbean
24,51,22,28.89,83.9,6.95,37.54,Mungbean
15,39,23,29.63,86.96,7.02,41.37,Mungbean
23,45,22,28.36,84.35,6.86,55.41,Mungbean
16,46,16,25.5,86.1,6.88,50.5,Mungbean
9,44,13,30.14,82.24,7.08,55.97,Mungbean
15,37,21,27.49,85.81,6.56,34.15,Mungbean
7,48,18,27.84,87.59,7.05,46.22,Mungbean
18,51,15,28.77,87.16,6.9,32.91,Mungbean
16,39,20,29.08,89.99,6.55,44.42,Mungbean
27,49,23,28.85,82.03,6.3,35.99,Mungbean
24,56,25,29.51,88.99,6.53,39.15,Mungbean
26,50,20,28.96,86.47,7.09,58.76,Mungbean
24,53,21,27.95,87.77,6.28,56.83,Mungbean
13,49,17,29.16,85.4,6.22,51.77,Mungbean
17,54,20,28.97,82.63,6.52,44.73,Mungbean
26,60,17,29.79,78.99,6.34,40.73,Mungbean
12,34,21,28.24,86.64,6.91,50.52,Mungbean
24,46,16,29.77,83.73,6.42,46.98,Mungbean
15,43,21,28.92,82.81,6.55,56.99,Mungbean
23,63,23,29.87,81.34,6.93,47.98,Mungbean
17,48,22,29.1,82.86,6.92,43.3,Mungbean
22,44,19,29.42,82.38,7.28,33.83,Mungbean
17,49,21,28.38,85.33,6.82,46.55,Mungbean
29,53,22,27.34,85.26,6.61,40.36,Mungbean
23,42,21,27.22,90.66,6.43,50.15,Mungbean
25,42,22,27.02,89.86,6.7,43.63,Mungbean
19,53,18,27.6,84.84,6.35,62.96,Mungbean
17,53,20,27.32,85.48,6.94,46.89,Mungbean
28,55,22,27.95,82.26,6.52,49.97,Mungbean
24,29,19,28.69,84.67,7.09,51.77,Mungbean
28,45,22,30.46,89.44,6.37,46.37,Mungbean
18,50,22,27.49,85.7,6.09,59.94,Mungbean
17,47,19,29.88,76.99,6.7,47.55,Mungbean
18,60,17,29.43,86.57,7.08,43.06,Mungbean
16,55,21,26.65,83.88,6.82,55.1,Mungbean
16,23,21,27.04,79.45,5.85,54.91,Mungbean
21,45,24,29.26,90.35,6.28,48.12,Mungbean
11,45,19,29.25,85.64,6.89,54.03,Mungbean
33,44,17,28.8,83.09,7.14,46.13,Mungbean
17,43,22,28.31,83.57,7.2,41.55,Mungbean
21,52,15,29.08,82.33,6.95,40.7,Mungbean
25,55,22,28.8,84.81,6.53,60.17,Mungbean
16,38,21,27.54,82.65,6.27,44.54,Mungbean
20,48,22,29.13,84.93,6.64,52.48,Mungbean
28,48,18,27.31,81.16,6.9,53.02,Mungbean
24,45,24,27.92,88.37,6.69,43.53,Mungbean
24,50,21,28.6,85.39,7.42,57.87,Mungbean
25,47,23,29.12,85.58,6.61,47.75,Mungbean
1,48,18,30.41,85.56,6.34,48.0,Mungbean
14,50,20,29.65,83.13,6.71,37.48,Mungbean
25,51,21,28.5,86.74,7.18,46.12,Mungbean
21,38,17,28.62,88.81,6.62,46.51,Mungbean
18,42,20,26.7,89.34,6.5,54.18,Mungbean
13,52,22,28.96,82.52,6.77,38.94,Mungbean
19,55,22,28.52,82.58,6.89,48.56,Mungbean
7,53,19,29.94,82.21,5.75,50.63,Mungbean
22,33,17,31.81,84.58,6.92,43.19,Mungbean
8,45,19,28.02,85.16,6.78,47.2,Mungbean
13,50,14,26.04,87.72,6.85,47.94,Mungbean
12,41,19,26.58,83.28,6.9,59.82,Mungbean
18,53,14,29.29,83.09,6.79,46.42,Mungbean
28,40,21,28.16,85.03,6.64,41.63,Mungbean
20,46,20,28.6,87.89,6.98,40.0,Mungbean
26,37,21,29.24,79.77,6.73,44.65,Mungbean
16,57,18,27.53,85.73,6.91,47.27,Mungbean
27,51,13,27.86,83.81,6.84,27.4,Mungbean
36,51,20,29.92,92.53,6.96,55.99,Mungbean
21,45,18,27.51,83.44,6.29,47.79,Mungbean
10,48,19,28.68,83.93,7.62,59.28,Mungbean
13,48,18,27.28,81.48,6.83,42.95,Mungbean
26,54,24,27.48,86.93,6.89,44.61,Mungbean
16,59,20,29.26,83.03,6.33,43.84,Mungbean
20,38,19,26.47,82.14,6.9,53.23,Mungbean
36,59,15,28.88,66.93,7.38,65.42,Blackgram
28,70,16,28.45,68.98,7.35,68.69,Blackgram
27,69,22,28.87,69.05,7.49,76.22,Blackgram
43,72,23,31.34,63.5,6.97,69.09,Blackgram
27,66,22,23.43,69.6,7.44,65.6,Blackgram
45,68,22,32.95,60.8,7.28,66.87,Blackgram
40,62,24,33.12,62.78,6.7,65.97,Blackgram
44,69,22,32.37,67.91,7.2,60.95,Blackgram
38,76,18,31.51,64.04,6.79,67.28,Blackgram
43,62,18,27.18,68.36,7.01,75.16,Blackgram
55,67,15,23.74,60.58,6.69,74.79,Blackgram
41,71,12,26.41,67.66,7.19,67.16,Blackgram
45,81,18,30.21,65.58,7.82,57.4,Blackgram
46,67,20,28.03,64.85,7.31,83.46,Blackgram
48,61,17,28.64,59.61,7.0,71.56,Blackgram
27,76,20,27.8,64.58,7.58,71.57,Blackgram
40,66,19,28.46,58.69,7.71,68.68,Blackgram
43,67,16,29.44,60.2,7.78,61.73,Blackgram
29,64,22,30.04,61.29,7.48,71.56,Blackgram
45,73,26,36.56,62.94,7.59,69.82,Blackgram
44,54,18,27.56,67.48,7.42,57.53,Blackgram
39,76,18,32.19,66.05,7.2,66.54,Blackgram
27,59,21,30.06,64.58,6.97,66.37,Blackgram
50,65,14,32.23,64.39,7.11,75.94,Blackgram
39,70,15,29.34,66.83,6.63,68.9,Blackgram
41,68,22,31.0,69.43,6.8,68.58,Blackgram
40,59,21,36.97,64.95,7.25,68.32,Blackgram
32,53,16,25.82,70.11,7.07,66.17,Blackgram
48,59,16,30.2,68.09,7.25,69.14,Blackgram
40,71,19,26.91,65.14,6.78,68.31,Blackgram
35,88,18,25.79,64.6,7.26,76.27,Blackgram
34,55,21,25.86,63.69,7.02,67.55,Blackgram
46,62,18,29.96,65.45,7.13,70.08,Blackgram
48,71,20,25.25,65.15,7.24,71.54,Blackgram
33,62,17,31.61,68.1,6.98,72.44,Blackgram
41,67,18,32.24,65.98,7.78,63.64,Blackgram
45,63,16,29.97,65.41,7.98,66.98,Blackgram
28,70,12,29.72,65.05,7.34,72.77,Blackgram
34,66,16,26.62,65.93,6.72,65.83,Blackgram
30,72,24,26.1,59.44,7.06,67.98,Blackgram
42,64,18,31.1,68.12,6.51,66.06,Blackgram
42,60,24,28.09,64.88,7.27,64.94,Blackgram
21,64,22,28.99,62.46,7.38,66.25,Blackgram
34,69,21,37.15,67.48,7.45,65.37,Blackgram
29,68,19,26.76,64.47,7.22,69.7,Blackgram
45,70,17,28.46,61.4,7.64,67.97,Blackgram
37,60,27,26.78,63.71,7.22,70.9,Blackgram
49,82,20,26.83,64.23,7.19,78.24,Blackgram
26,77,19,32.51,64.69,6.85,71.65,Blackgram
46,75,18,28.2,60.32,7.35,70.02,Blackgram
30,63,17,25.55,62.55,6.76,65.84,Blackgram
32,54,25,33.76,62.66,7.18,69.99,Blackgram
51,61,22,28.36,60.99,7.32,74.35,Blackgram
65,58,21,28.77,67.35,6.66,61.59,Blackgram
32,68,17,31.98,68.08,7.28,75.99,Blackgram
44,58,23,28.18,67.73,7.57,70.18,Blackgram
25,60,22,29.49,65.24,7.33,71.38,Blackgram
42,66,18,32.57,66.66,7.02,73.31,Blackgram
38,61,16,27.06,64.18,7.47,63.87,Blackgram
41,62,18,25.47,64.34,7.04,70.6,Blackgram
42,58,22,30.63,65.6,7.1,65.31,Blackgram
42,71,13,28.38,64.24,7.18,73.87,Blackgram
32,64,17,27.6,63.96,7.33,62.63,Blackgram
44,54,17,29.01,70.02,7.02,56.89,Blackgram
20,68,20,31.13,65.5,7.45,65.2,Blackgram
48,54,16,24.58,64.18,7.09,68.47,Blackgram
40,60,18,25.51,69.09,7.01,65.46,Blackgram
55,58,15,26.71,64.8,7.23,71.6,Blackgram
65,50,20,28.33,63.24,6.91,63.36,Blackgram
56,74,19,34.05,60.46,6.7,57.01,Blackgram
33,69,19,30.45,60.77,7.34,69.1,Blackgram
47,52,19,26.44,63.81,7.26,68.36,Blackgram
31,68,14,33.45,64.38,7.44,65.27,Blackgram
34,61,21,27.87,66.93,6.99,58.02,Blackgram
34,58,19,26.43,67.78,7.07,67.01,Blackgram
46,75,18,27.69,59.68,6.89,64.81,Blackgram
41,65,21,28.16,64.83,7.46,69.61,Blackgram
39,63,17,27.45,63.38,7.33,66.79,Blackgram
26,82,19,25.78,63.67,7.13,76.42,Blackgram
28,75,23,28.11,64.17,6.79,66.88,Blackgram
39,73,22,27.76,59.1,7.09,69.37,Blackgram
42,65,19,34.55,66.15,6.99,65.4,Blackgram
38,81,18,29.94,63.55,7.43,77.7,Blackgram
44,68,19,22.85,67.24,7.14,70.04,Blackgram
32,64,17,33.06,63.86,7.72,70.05,Blackgram
27,66,17,23.42,69.8,7.31,70.57,Blackgram
41,56,17,32.53,61.85,6.34,66.76,Blackgram
38,69,21,31.91,65.78,7.46,60.31,Blackgram
45,73,15,25.49,62.76,6.9,71.67,Blackgram
33,61,17,33.36,65.04,7.05,67.35,Blackgram
52,62,22,30.63,64.52,7.85,62.62,Blackgram
36,58,21,35.07,70.01,7.47,66.91,Blackgram
36,54,25,31.41,63.52,7.5,63.04,Blackgram
44,66,20,29.81,60.65,7.12,73.14,Blackgram
39,74,15,29.92,63.13,7.32,68.06,Blackgram
46,76,21,30.82,62.01,7.1,65.23,Blackgram
36,65,16,24.13,63.0,7.16,61.16,Blackgram
40,83,22,34.93,66.17,7.45,64.28,Blackgram
33,46,22,34.62,63.34,7.02,64.13,Blackgram
43,76,13,31.23,64.17,7.13,70.19,Blackgram
17,67,18,27.9,66.27,7.01,38.07,Lentil
16,75,19,26.81,70.98,7.42,46.26,Lentil
15,47,18,23.36,66.17,6.82,43.78,Lentil
8,60,20,30.51,64.46,7.06,51.41,Lentil
14,70,16,27.53,65.33,7.05,41.0,Lentil
23,84,15,23.31,65.61,7.29,42.34,Lentil
2,78,21,18.4,62.67,7.68,54.39,Lentil
24,66,19,24.04,68.75,6.46,40.87,Lentil
25,67,23,22.15,64.61,6.44,45.74,Lentil
10,64,14,26.93,67.31,6.03,53.7,Lentil
33,68,17,34.39,60.18,6.91,46.78,Lentil
27,70,17,21.17,63.6,6.4,45.99,Lentil
15,56,22,22.76,60.36,6.82,46.11,Lentil
8,70,15,30.49,66.63,6.7,41.23,Lentil
18,72,18,23.74,65.0,6.6,43.64,Lentil
6,75,19,21.79,71.45,6.94,39.48,Lentil
24,71,20,23.01,66.38,6.77,49.04,Lentil
7,64,24,21.82,62.69,6.68,38.41,Lentil
5,66,19,24.32,64.29,6.92,51.84,Lentil
17,63,18,26.53,69.74,6.59,46.29,Lentil
21,60,19,19.37,58.61,7.08,43.4,Lentil
20,67,16,24.34,60.48,7.6,37.56,Lentil
17,59,20,23.34,62.98,7.33,45.88,Lentil
22,60,14,24.88,63.68,7.21,45.22,Lentil
20,55,24,23.93,67.24,6.48,47.55,Lentil
11,71,17,24.6,67.24,6.28,41.59,Lentil
21,84,18,26.57,64.43,7.87,35.22,Lentil
19,54,11,25.54,65.29,6.76,45.06,Lentil
37,65,20,22.23,65.83,6.78,43.24,Lentil
29,77,19,16.44,63.54,8.25,44.32,Lentil
25,79,19,21.55,56.28,7.24,40.81,Lentil
20,58,18,24.62,65.74,6.34,52.88,Lentil
15,54,18,24.62,65.36,7.58,44.28,Lentil
18,59,21,25.15,63.33,5.95,54.37,Lentil
11,63,20,20.31,59.57,5.84,50.03,Lentil
15,91,16,21.27,62.82,7.02,42.88,Lentil
22,60,14,18.21,57.02,6.64,43.89,Lentil
15,77,22,23.33,58.52,6.62,42.1,Lentil
15,62,17,23.15,62.58,7.0,47.86,Lentil
13,78,16,18.84,66.13,6.49,47.63,Lentil
4,79,21,19.25,59.62,7.74,41.28,Lentil
13,49,17,23.7,67.3,6.2,36.58,Lentil
21,76,14,28.29,64.93,7.45,45.28,Lentil
3,66,22,21.37,63.44,6.81,28.3,Lentil
29,60,20,24.2,69.2,7.1,44.29,Lentil
13,74,13,26.76,60.95,7.53,46.67,Lentil
22,68,13,21.49,67.15,6.98,52.79,Lentil
21,60,16,24.86,56.7,7.74,48.35,Lentil
26,55,22,32.31,60.18,7.29,45.71,Lentil
9,71,21,22.4,68.88,6.07,36.73,Lentil
19,68,16,27.33,66.66,7.33,44.96,Lentil
22,64,25,21.66,72.17,6.92,37.45,Lentil
27,69,21,28.78,65.98,6.6,51.55,Lentil
19,73,12,26.06,62.56,7.73,49.44,Lentil
20,71,16,30.18,71.77,7.1,55.24,Lentil
15,61,19,26.02,63.42,7.17,47.54,Lentil
13,72,21,25.1,68.83,6.29,48.51,Lentil
11,59,17,21.2,62.88,6.79,50.72,Lentil
17,55,22,21.57,64.59,7.12,46.9,Lentil
25,71,16,32.12,65.48,6.83,51.48,Lentil
20,71,26,23.54,63.69,6.96,52.13,Lentil
9,52,17,18.78,63.31,7.15,40.36,Lentil
10,68,21,18.57,67.67,7.31,51.42,Lentil
26,85,17,24.88,63.34,6.9,54.9,Lentil
10,61,23,28.07,63.53,7.33,47.75,Lentil
28,68,22,33.75,66.89,6.92,50.03,Lentil
16,87,19,23.54,61.88,7.45,50.9,Lentil
16,72,14,25.15,66.38,7.75,41.08,Lentil
11,60,14,29.18,70.22,7.06,53.03,Lentil
19,67,18,23.41,59.38,7.03,45.46,Lentil
23,68,18,21.45,65.05,7.27,38.84,Lentil
19,69,16,22.44,65.61,6.33,47.8,Lentil
13,76,26,21.49,66.67,6.54,51.95,Lentil
11,71,16,23.78,61.19,7.31,40.68,Lentil
22,65,18,25.02,62.13,7.01,54.88,Lentil
14,77,23,21.64,59.71,7.05,42.42,Lentil
30,68,16,20.48,68.61,6.61,45.96,Lentil
24,64,18,24.44,67.19,7.2,44.38,Lentil
19,65,14,25.4,71.42,6.46,41.06,Lentil
13,73,20,23.95,61.59,6.95,36.31,Lentil
19,74,15,19.14,70.33,6.59,52.52,Lentil
18,66,20,21.41,65.26,6.71,37.78,Lentil
21,65,18,20.26,70.37,7.34,51.48,Lentil
17,54,24,24.29,62.18,7.11,52.7,Lentil
18,78,22,20.73,62.44,7.38,29.42,Lentil
18,56,17,23.45,63.55,6.62,39.12,Lentil
32,82,15,30.04,63.4,6.96,45.32,Lentil
15,75,19,22.83,60.23,6.45,35.85,Lentil
19,58,18,29.3,69.0,6.88,45.18,Lentil
30,72,18,19.51,66.18,7.31,41.91,Lentil
20,65,18,15.79,64.02,7.38,41.91,Lentil
19,61,20,23.74,61.51,7.57,51.27,Lentil
15,71,20,26.75,58.87,7.4,42.28,Lentil
16,89,19,23.15,57.08,7.59,37.63,Lentil
12,65,23,27.21,64.25,7.05,42.1,Lentil
19,68,21,27.89,66.53,6.72,50.15,Lentil
18,59,17,24.8,67.99,6.81,38.44,Lentil
19,68,19,27.72,68.37,6.6,42.0,Lentil
12,73,23,23.4,63.95,7.63,48.73,Lentil
21,58,21,21.25,60.83,6.73,42.19,Lentil
17,11,42,24.62,84.26,6.89,103.45,Pomegranate
24,18,40,21.34,93.74,5.78,110.54,Pomegranate
25,22,46,20.48,92.97,6.35,113.67,Pomegranate
18,17,43,20.57,85.86,6.14,110.6,Pomegranate
27,19,43,18.4,88.77,6.26,106.93,Pomegranate
19,22,38,22.15,89.96,5.94,106.93,Pomegranate
18,18,40,21.99,88.8,7.04,101.65,Pomegranate
14,32,36,18.42,92.3,5.36,106.32,Pomegranate
31,11,34,18.05,92.8,6.96,104.94,Pomegranate
23,25,45,21.18,83.2,5.99,105.37,Pomegranate
17,18,43,24.99,89.58,6.95,109.29,Pomegranate
19,23,40,26.94,85.78,6.14,106.87,Pomegranate
21,25,39,18.24,92.63,6.78,97.79,Pomegranate
18,11,38,19.54,92.53,6.46,101.07,Pomegranate
24,11,40,19.76,89.0,6.65,110.11,Pomegranate
27,18,40,20.71,90.65,6.62,107.01,Pomegranate
8,20,41,20.1,86.25,7.14,109.96,Pomegranate
17,13,37,25.06,90.51,6.12,110.05,Pomegranate
14,26,44,20.63,88.21,5.09,100.09,Pomegranate
10,19,39,18.44,89.26,6.65,110.14,Pomegranate
7,18,35,24.05,92.45,5.95,103.67,Pomegranate
16,7,41,21.12,93.01,5.85,104.4,Pomegranate
9,13,36,24.29,88.01,6.46,105.6,Pomegranate
11,18,41,18.78,92.53,5.98,105.09,Pomegranate
22,15,40,21.01,90.49,5.21,98.35,Pomegranate
22,24,37,21.19,90.98,6.75,97.36,Pomegranate
13,17,42,28.05,89.42,5.7,109.51,Pomegranate
26,19,37,24.19,92.09,5.89,109.41,Pomegranate
24,24,39,20.9,93.78,5.79,109.69,Pomegranate
10,24,39,24.97,91.57,5.79,114.62,Pomegranate
28,23,37,21.03,90.54,6.05,115.96,Pomegranate
19,5,41,20.93,89.88,6.22,111.54,Pomegranate
25,20,38,21.7,90.16,6.0,110.39,Pomegranate
21,26,43,20.09,92.56,5.92,110.98,Pomegranate
15,13,40,15.11,84.85,6.31,107.91,Pomegranate
16,11,37,22.78,91.85,6.39,113.28,Pomegranate
21,15,39,18.29,89.78,6.96,110.93,Pomegranate
27,17,44,21.32,94.51,6.39,111.04,Pomegranate
27,18,40,25.02,89.7,5.74,118.22,Pomegranate
16,19,43,20.28,87.08,6.53,98.53,Pomegranate
17,20,39,17.94,94.88,6.45,114.66,Pomegranate
17,14,40,21.26,86.57,7.13,104.39,Pomegranate
7,25,38,20.28,84.8,7.27,101.05,Pomegranate
19,23,41,21.65,85.0,6.0,108.44,Pomegranate
14,20,42,24.21,86.42,7.5,111.34,Pomegranate
18,24,47,18.2,89.42,5.21,108.46,Pomegranate
21,18,38,16.68,91.22,7.13,104.54,Pomegranate
21,11,41,20.82,87.81,6.02,105.53,Pomegranate
21,12,38,21.7,86.8,7.3,103.23,Pomegranate
14,14,45,23.18,87.29,6.95,108.5,Pomegranate
20,17,37,22.64,88.46,7.31,101.15,Pomegranate
28,18,40,23.88,88.21,6.83,93.96,Pomegranate
14,14,36,21.26,91.26,6.75,108.7,Pomegranate
15,20,40,24.14,92.43,6.42,103.01,Pomegranate
15,16,39,22.47,92.25,6.37,107.58,Pomegranate
19,16,37,17.41,88.01,6.64,103.99,Pomegranate
17,21,41,19.1,93.09,6.96,101.85,Pomegranate
14,24,39,16.25,85.9,6.28,101.68,Pomegranate
16,19,44,21.07,93.32,7.11,114.67,Pomegranate
20,9,41,24.42,89.86,7.27,111.8,Pomegranate
22,24,41,15.57,88.6,7.0,103.46,Pomegranate
17,13,45,26.0,87.45,6.47,104.1,Pomegranate
22,21,42,22.63,98.91,5.89,98.95,Pomegranate
16,11,35,19.3,87.33,5.92,110.09,Pomegranate
15,18,42,19.88,89.31,6.58,97.79,Pomegranate
4,20,41,26.96,90.57,6.81,106.52,Pomegranate
20,27,33,22.83,96.51,6.54,115.75,Pomegranate
15,18,40,16.26,86.6,5.85,111.61,Pomegranate
24,20,42,21.39,93.71,6.4,107.79,Pomegranate
17,22,38,24.24,86.7,5.85,110.94,Pomegranate
18,16,42,20.28,89.5,7.1,115.2,Pomegranate
28,17,43,19.43,87.38,5.22,115.86,Pomegranate
13,18,37,23.54,88.97,5.75,109.71,Pomegranate
10,14,33,18.24,90.64,5.42,100.09,Pomegranate
18,16,45,26.38,87.5,6.68,111.25,Pomegranate
15,11,39,21.37,88.79,6.62,103.75,Pomegranate
12,19,41,18.86,92.88,5.51,104.61,Pomegranate
17,15,38,26.48,87.55,7.62,109.69,Pomegranate
19,21,47,19.32,86.74,6.02,107.66,Pomegranate
8,19,45,22.18,89.22,6.09,111.99,Pomegranate
14,28,45,22.44,90.07,6.92,112.97,Pomegranate
14,16,36,22.82,92.1,5.73,105.22,Pomegranate
10,14,41,19.97,89.2,5.59,108.43,Pomegranate
18,15,39,22.25,87.66,5.66,116.53,Pomegranate
15,18,43,30.62,86.37,6.62,103.96,Pomegranate
15,15,36,21.7,85.68,6.87,107.78,Pomegranate
21,16,38,22.52,86.61,6.22,103.2,Pomegranate
13,8,44,20.08,93.59,6.93,101.07,Pomegranate
12,31,45,21.72,90.87,6.08,109.66,Pomegranate
14,8,36,21.85,86.71,6.37,102.13,Pomegranate
14,23,40,21.78,92.74,6.64,114.73,Pomegranate
16,16,36,20.73,92.99,7.05,112.3,Pomegranate
8,24,34,24.05,89.0,6.75,100.84,Pomegranate
26,11,37,19.3,84.84,6.45,116.53,Pomegranate
35,19,43,22.38,91.6,6.23,108.48,Pomegranate
22,16,39,21.65,92.58,5.87,107.24,Pomegranate
30,24,44,21.86,91.06,6.9,115.3,Pomegranate
7,12,43,21.11,88.08,5.77,104.72,Pomegranate
10,29,39,21.66,91.86,6.88,112.23,Pomegranate
25,15,39,23.72,88.52,6.4,109.49,Pomegranate
109,67,52,26.98,82.88,6.13,123.89,Banana
116,92,54,27.92,80.51,6.16,113.38,Banana
96,85,49,25.86,84.92,5.92,129.18,Banana
80,77,50,29.45,81.8,5.99,91.07,Banana
86,84,45,26.44,82.15,5.61,123.86,Banana
114,69,47,23.29,77.66,6.13,99.63,Banana
105,69,52,26.4,80.44,5.87,89.34,Banana
86,89,51,29.29,81.54,5.94,83.89,Banana
96,81,55,28.64,85.78,6.08,96.06,Banana
101,83,47,26.71,79.68,6.38,79.63,Banana
114,74,45,29.52,82.96,6.28,114.21,Banana
124,86,49,28.02,84.75,5.67,96.78,Banana
96,65,50,24.0,80.59,6.16,98.88,Banana
120,70,53,28.62,74.39,6.71,103.84,Banana
89,70,49,27.17,80.76,5.81,112.2,Banana
95,66,49,23.14,81.64,5.61,106.56,Banana
115,74,53,26.62,86.54,5.79,94.51,Banana
108,78,47,26.54,80.24,6.3,81.39,Banana
100,86,50,29.76,80.14,5.84,111.71,Banana
101,78,51,26.23,78.26,5.74,120.84,Banana
61,85,50,24.37,81.48,6.04,111.68,Banana
68,92,47,28.64,82.99,5.64,112.53,Banana
95,65,53,26.0,77.41,5.78,107.87,Banana
99,86,45,26.06,79.99,6.47,103.23,Banana
113,82,48,26.96,79.81,6.08,121.1,Banana
104,91,47,26.65,77.86,5.99,100.29,Banana
108,74,50,28.64,73.17,6.54,101.2,Banana
75,83,50,27.25,83.87,6.12,108.17,Banana
105,81,55,24.74,80.89,5.92,114.36,Banana
89,68,50,27.91,85.61,5.52,118.46,Banana
128,78,46,26.67,80.45,6.07,97.5,Banana
118,73,44,29.39,72.44,5.84,142.01,Banana
99,73,49,27.31,80.96,6.1,92.13,Banana
120,83,52,26.27,84.9,5.82,107.93,Banana
88,74,52,26.6,77.41,5.71,112.99,Banana
92,81,50,23.95,75.25,6.0,95.76,Banana
112,89,52,30.68,80.11,6.09,97.59,Banana
129,97,50,28.1,85.16,5.86,96.72,Banana
110,82,50,25.9,74.39,5.97,115.46,Banana
97,93,47,25.5,80.16,5.88,113.84,Banana
90,92,55,27.33,84.77,5.58,117.5,Banana
112,88,49,22.08,78.15,5.71,92.86,Banana
101,78,47,25.49,77.9,6.24,96.67,Banana
93,78,51,28.22,69.74,6.21,121.84,Banana
87,74,48,26.04,81.18,5.32,91.18,Banana
118,74,53,28.04,74.07,6.09,103.19,Banana
94,83,51,28.67,84.52,6.02,88.09,Banana
94,105,52,31.66,85.28,5.97,108.22,Banana
99,68,50,29.58,78.3,6.02,114.82,Banana
89,78,46,25.92,75.89,5.63,121.63,Banana
89,83,48,29.52,84.99,6.16,108.27,Banana
97,72,55,26.03,82.72,6.22,97.94,Banana
112,88,55,26.56,75.9,5.75,107.11,Banana
100,78,44,28.25,87.3,6.04,111.91,Banana
106,85,52,28.11,79.31,5.66,101.61,Banana
103,79,50,28.19,83.32,6.28,105.54,Banana
84,79,50,24.1,85.26,5.94,109.18,Banana
116,76,51,27.2,79.76,5.67,124.59,Banana
95,87,44,29.52,84.08,5.93,101.88,Banana
104,100,44,28.81,77.21,5.89,101.63,Banana
94,81,46,29.25,74.12,6.06,100.68,Banana
85,83,45,27.47,75.42,6.04,93.51,Banana
94,84,47,27.3,75.1,6.09,125.78,Banana
133,82,52,24.19,85.66,6.13,98.79,Banana
114,79,48,28.26,76.68,6.21,91.93,Banana
87,74,52,26.29,75.68,5.72,104.22,Banana
85,72,56,25.85,79.27,5.79,99.54,Banana
107,89,49,25.17,84.86,5.87,125.36,Banana
73,83,55,26.76,79.61,5.99,97.89,Banana
96,79,48,29.61,82.01,5.98,114.3,Banana
96,75,48,27.4,76.69,5.75,98.41,Banana
125,59,49,30.51,80.83,6.13,105.8,Banana
91,64,50,26.0,77.6,5.75,125.54,Banana
128,83,48,25.28,82.04,6.43,101.63,Banana
71,87,52,24.55,81.02,6.04,103.72,Banana
90,90,48,24.73,73.23,6.28,112.0,Banana
101,78,48,25.46,78.89,5.26,95.77,Banana
96,86,49,28.83,85.12,6.22,110.25,Banana
100,74,52,30.42,81.6,6.48,86.29,Banana
86,88,50,29.76,80.35,5.64,102.04,Banana
81,72,52,28.97,81.67,5.38,100.3,Banana
85,91,48,25.45,80.5,5.71,122.4,Banana
91,70,43,27.34,78.43,5.47,118.87,Banana
108,81,54,28.59,77.52,5.59,114.42,Banana
104,83,47,28.49,77.76,5.87,121.96,Banana
92,69,46,29.19,81.29,5.86,98.49,Banana
105,75,50,26.08,77.26,5.71,100.1,Banana
99,83,38,25.95,79.03,6.35,91.64,Banana
101,93,46,28.11,77.59,5.75,94.96,Banana
91,103,52,29.38,82.12,5.42,109.34,Banana
112,75,52,28.67,86.88,5.77,91.43,Banana
95,93,44,23.68,80.71,5.77,104.69,Banana
111,77,44,31.08,76.91,5.58,117.84,Banana
95,81,51,29.35,79.23,6.36,78.97,Banana
109,75,54,27.66,78.04,6.1,115.32,Banana
107,73,48,27.39,80.26,6.12,80.42,Banana
104,79,47,26.06,79.65,4.82,96.18,Banana
89,86,47,27.01,85.8,6.2,115.43,Banana
94,86,49,27.05,81.83,5.72,122.52,Banana
98,86,54,29.26,75.47,6.03,114.81,Banana
25,19,28,34.18,47.91,5.56,104.16,Mango
19,21,27,32.2,46.2,5.6,96.7,Mango
27,31,27,34.74,49.3,4.81,93.67,Mango
28,28,30,36.11,45.91,4.77,85.0,Mango
22,28,34,31.93,48.99,5.8,95.41,Mango
9,45,31,31.83,52.05,6.37,93.86,Mango
16,31,31,28.77,54.46,6.03,99.08,Mango
28,27,30,33.63,48.03,5.84,95.45,Mango
14,43,25,27.31,54.14,6.37,88.54,Mango
23,37,29,39.0,45.03,6.36,101.7,Mango
25,25,29,32.53,52.65,6.28,100.94,Mango
13,25,27,30.04,53.25,5.89,110.34,Mango
21,27,30,29.29,50.03,6.7,95.38,Mango
15,20,28,31.42,53.78,4.73,92.78,Mango
20,14,27,29.16,47.81,5.95,93.74,Mango
16,29,35,36.12,44.43,6.26,93.63,Mango
20,24,30,31.65,48.46,5.08,92.01,Mango
21,31,32,29.72,51.05,6.57,101.69,Mango
19,25,30,27.75,49.62,6.4,98.55,Mango
18,28,27,33.31,49.97,5.58,92.53,Mango
19,23,31,30.01,54.98,6.97,89.35,Mango
20,22,29,37.21,49.28,6.09,97.95,Mango
13,21,26,28.54,41.65,6.24,107.03,Mango
20,17,28,29.82,47.15,6.49,99.56,Mango
13,32,34,36.91,58.8,5.08,111.65,Mango
17,22,30,29.45,51.4,4.74,93.27,Mango
27,26,30,32.63,53.71,4.48,98.21,Mango
18,28,33,27.62,47.16,4.25,91.41,Mango
27,26,25,29.74,45.74,4.9,97.03,Mango
12,34,29,31.46,49.36,6.42,99.4,Mango
22,30,29,32.83,49.19,5.8,93.05,Mango
17,22,31,35.13,53.71,4.79,102.44,Mango
18,31,27,31.63,51.14,4.61,98.35,Mango
28,25,34,30.63,52.75,4.03,109.21,Mango
28,25,24,32.06,45.87,6.16,97.17,Mango
14,34,32,34.13,50.23,4.67,100.57,Mango
18,17,34,37.5,50.08,7.53,95.25,Mango
17,22,34,28.86,52.41,5.35,91.94,Mango
26,24,28,34.6,54.99,6.32,90.77,Mango
16,27,30,28.24,52.37,5.87,84.41,Mango
14,23,29,36.87,50.91,5.13,96.02,Mango
17,29,31,34.83,50.13,7.11,100.15,Mango
15,42,30,28.69,55.16,7.46,94.5,Mango
16,25,32,35.03,51.91,5.88,103.69,Mango
18,34,29,32.49,49.86,5.76,92.44,Mango
28,21,27,37.56,53.13,3.89,91.31,Mango
9,20,20,30.79,46.77,5.85,84.95,Mango
20,24,34,35.43,52.56,5.54,106.61,Mango
10,17,29,37.96,49.59,5.65,86.05,Mango
25,33,32,29.31,48.08,4.77,95.2,Mango
13,18,28,29.73,48.59,6.17,95.17,Mango
18,28,27,31.52,50.65,4.6,100.67,Mango
14,27,33,33.98,50.3,5.51,100.39,Mango
24,22,27,24.98,50.66,5.73,101.52,Mango
22,36,27,34.61,48.61,6.42,85.95,Mango
21,13,29,32.52,48.64,4.96,99.78,Mango
19,23,30,39.11,53.66,6.73,97.31,Mango
20,10,27,29.76,44.58,4.87,82.81,Mango
19,32,33,32.44,47.31,4.25,84.16,Mango
12,20,29,28.16,51.22,5.61,94.76,Mango
26,18,31,31.16,49.2,6.51,99.97,Mango
14,25,30,30.38,51.96,6.02,105.7,Mango
10,26,27,33.01,45.35,6.08,90.92,Mango
15,16,28,34.45,50.12,6.3,104.69,Mango
21,23,31,29.57,48.69,4.58,100.26,Mango
17,28,26,32.51,47.91,5.69,99.97,Mango
24,26,24,40.18,55.44,6.38,90.18,Mango
19,23,33,31.99,47.85,5.42,101.43,Mango
29,37,32,30.44,40.48,6.04,94.69,Mango
20,27,26,32.87,52.1,6.35,100.38,Mango
23,24,29,31.47,50.52,6.6,98.56,Mango
32,42,30,19.69,53.91,5.37,89.89,Mango
17,23,31,26.52,46.97,6.07,98.44,Mango
23,21,27,29.68,50.92,6.99,82.42,Mango
18,17,25,34.1,51.83,6.16,100.23,Mango
17,23,36,30.46,52.41,5.81,83.61,Mango
7,22,33,33.56,52.94,5.01,104.4,Mango
14,28,29,30.68,54.22,5.24,86.6,Mango
20,24,40,33.23,48.97,4.96,83.42,Mango
13,27,34,34.57,50.89,5.54,96.31,Mango
16,39,29,30.94,43.55,5.64,99.72,Mango
13,21,32,26.77,53.37,5.37,92.37,Mango
13,29,37,33.54,47.61,6.71,92.8,Mango
28,32,21,28.19,53.03,5.92,88.56,Mango
16,13,29,37.83,52.61,7.55,99.99,Mango
26,40,31,30.64,53.3,6.96,91.82,Mango
15,27,32,33.59,45.93,7.33,90.85,Mango
18,20,38,31.93,47.65,6.49,99.31,Mango
18,32,27,29.72,44.17,4.74,105.55,Mango
29,27,34,30.72,49.47,5.85,93.95,Mango
18,35,30,33.34,53.29,6.11,88.88,Mango
11,28,29,31.46,50.15,7.87,86.72,Mango
8,29,28,32.15,51.95,6.83,85.66,Mango
16,30,32,37.78,53.07,5.75,89.36,Mango
16,22,31,31.97,46.23,5.45,99.97,Mango
22,30,31,36.08,50.91,5.49,89.21,Mango
21,9,29,30.58,46.11,5.06,99.56,Mango
21,27,30,31.48,53.93,5.9,85.95,Mango
29,29,28,27.44,51.39,5.71,104.14,Mango
17,21,32,33.98,50.71,6.34,94.47,Mango
24,142,202,22.62,84.6,5.29,75.76,Grapes
12,127,199,22.77,83.91,5.68,70.38,Grapes
19,135,199,24.45,80.8,5.85,70.46,Grapes
28,128,196,28.09,81.83,6.25,66.88,Grapes
12,128,196,23.25,80.63,6.22,68.74,Grapes
23,134,200,23.63,82.92,5.76,73.8,Grapes
21,122,200,17.84,83.23,6.66,67.24,Grapes
24,118,201,17.6,80.65,5.67,71.8,Grapes
29,133,196,34.93,80.4,5.35,70.98,Grapes
16,140,198,28.03,84.7,5.64,67.9,Grapes
22,145,197,19.64,82.86,5.83,70.06,Grapes
13,150,194,21.55,81.84,6.57,65.63,Grapes
34,139,201,16.91,83.04,5.78,73.4,Grapes
17,132,197,16.89,83.38,6.16,73.23,Grapes
12,141,210,20.64,85.69,5.92,65.48,Grapes
21,141,196,19.6,83.09,6.0,71.35,Grapes
24,136,198,25.42,80.05,6.39,67.7,Grapes
29,131,200,20.34,79.87,5.48,66.43,Grapes
21,134,204,20.68,80.14,5.57,71.04,Grapes
31,143,202,28.27,85.3,6.1,71.54,Grapes
21,122,197,23.74,82.02,6.58,69.84,Grapes
30,129,198,14.5,80.42,6.16,69.62,Grapes
28,134,198,38.84,81.71,6.35,68.4,Grapes
27,140,200,7.32,81.94,6.37,71.18,Grapes
25,119,197,26.68,82.72,6.36,69.17,Grapes
25,133,196,8.01,82.76,6.05,67.75,Grapes
13,138,198,27.7,85.63,5.36,67.5,Grapes
21,144,193,37.35,82.17,5.97,69.01,Grapes
20,141,195,26.22,81.13,5.77,77.36,Grapes
25,137,204,13.85,85.4,5.25,67.29,Grapes
20,137,200,22.63,81.88,5.71,65.11,Grapes
27,138,206,18.27,83.29,5.91,73.17,Grapes
29,134,198,30.53,83.19,5.79,65.62,Grapes
21,145,204,16.01,79.56,6.38,66.19,Grapes
26,128,206,18.41,84.19,6.06,70.36,Grapes
11,115,199,25.53,79.65,5.67,71.28,Grapes
26,131,203,15.58,81.19,6.49,69.8,Grapes
23,151,194,29.38,85.23,5.9,72.18,Grapes
17,127,201,29.39,84.14,6.47,69.4,Grapes
30,130,203,25.25,82.79,6.13,64.79,Grapes
16,133,193,29.62,83.64,6.1,66.24,Grapes
31,149,200,27.37,82.3,6.16,69.24,Grapes
22,140,209,14.0,81.69,5.65,74.38,Grapes
19,121,202,36.01,83.23,6.06,70.83,Grapes
31,126,199,20.63,79.56,5.9,72.92,Grapes
26,138,200,27.46,80.3,5.91,70.18,Grapes
24,135,199,21.16,88.22,6.27,70.84,Grapes
21,129,199,25.85,78.14,5.53,67.69,Grapes
24,131,205,13.42,80.4,6.46,69.99,Grapes
28,149,197,23.1,81.36,5.41,68.67,Grapes
28,137,202,21.17,80.59,6.38,68.11,Grapes
24,134,205,30.6,79.31,5.64,71.34,Grapes
22,129,204,25.11,82.0,6.23,68.47,Grapes
32,126,202,33.84,79.15,5.9,73.03,Grapes
29,131,197,30.49,84.27,5.65,65.99,Grapes
24,138,198,28.56,80.48,5.37,68.33,Grapes
23,130,195,11.09,80.87,6.27,73.37,Grapes
30,126,195,27.28,83.17,6.12,63.56,Grapes
17,132,201,29.17,82.19,6.1,69.85,Grapes
27,135,200,21.92,82.06,6.15,70.4,Grapes
25,143,201,19.26,83.67,5.59,66.36,Grapes
25,137,195,21.12,80.69,5.85,72.43,Grapes
27,132,197,14.35,84.74,6.18,67.48,Grapes
27,132,198,26.85,80.42,5.9,69.96,Grapes
20,138,207,18.52,78.57,5.4,69.15,Grapes
19,134,200,12.58,78.27,6.09,70.01,Grapes
20,119,201,32.7,82.46,5.75,69.73,Grapes
14,141,200,11.42,81.3,6.14,68.6,Grapes
21,123,202,19.26,77.59,5.89,72.54,Grapes
20,146,201,26.17,81.64,5.98,68.81,Grapes
21,137,196,16.27,79.65,6.61,71.19,Grapes
24,124,202,22.98,82.33,5.71,70.08,Grapes
20,126,202,13.04,83.03,6.21,66.96,Grapes
18,131,201,22.73,82.77,6.53,68.08,Grapes
12,139,206,26.55,79.72,5.96,66.24,Grapes
26,122,198,16.77,82.15,5.89,70.13,Grapes
23,125,202,23.46,79.92,6.67,71.03,Grapes
22,144,207,22.78,82.59,5.7,69.16,Grapes
21,134,201,27.72,82.38,5.64,66.78,Grapes
19,130,204,15.66,81.19,6.29,68.7,Grapes
25,131,201,22.2,83.23,5.54,68.51,Grapes
24,137,205,21.06,84.86,5.8,73.59,Grapes
27,125,201,23.44,83.15,5.93,68.68,Grapes
31,132,203,22.22,85.23,5.8,67.76,Grapes
32,129,206,30.04,81.59,5.46,69.54,Grapes
23,142,206,19.01,83.5,6.23,72.82,Grapes
25,117,199,15.71,81.49,6.29,70.52,Grapes
29,135,194,6.15,82.2,5.94,66.67,Grapes
12,127,199,28.46,82.28,6.48,66.49,Grapes
28,133,202,20.74,84.04,6.09,67.56,Grapes
22,131,201,15.54,81.84,6.12,69.7,Grapes
31,139,199,25.32,82.49,6.12,64.12,Grapes
21,121,205,23.37,81.51,6.27,70.87,Grapes
16,132,198,11.59,80.52,5.94,69.26,Grapes
14,142,199,24.06,82.7,5.76,70.97,Grapes
20,125,202,34.24,83.35,6.28,68.04,Grapes
13,144,208,34.6,81.23,5.65,66.4,Grapes
12,132,206,22.81,82.5,6.41,68.39,Grapes
35,148,199,19.76,83.29,5.9,66.13,Grapes
30,142,200,14.96,79.44,6.03,68.1,Grapes
94,23,52,27.25,82.23,6.4,55.35,Watermelon
104,26,51,27.82,86.82,6.82,48.86,Watermelon
99,22,54,26.48,84.95,6.91,37.65,Watermelon
81,21,50,26.33,85.39,6.67,45.91,Watermelon
105,22,53,28.02,85.93,6.58,41.66,Watermelon
92,15,53,24.87,87.59,6.5,49.74,Watermelon
101,14,48,23.55,84.46,6.36,47.7,Watermelon
104,20,50,26.79,86.93,6.41,48.02,Watermelon
102,20,54,27.03,83.58,6.47,54.83,Watermelon
111,22,49,24.1,82.2,6.58,52.85,Watermelon
85,17,51,24.22,88.51,6.39,58.35,Watermelon
92,10,48,25.49,84.03,6.44,52.8,Watermelon
96,16,44,26.07,84.93,6.98,45.16,Watermelon
77,20,51,24.39,80.61,6.96,59.28,Watermelon
69,14,54,25.03,83.73,6.42,44.07,Watermelon
78,23,44,25.9,87.86,6.06,45.25,Watermelon
113,20,48,27.04,88.82,6.58,45.4,Watermelon
94,18,49,26.73,80.61,6.05,51.89,Watermelon
93,13,44,25.62,85.04,6.7,51.21,Watermelon
97,24,46,26.24,80.19,6.25,43.52,Watermelon
108,16,49,24.27,84.3,6.27,53.1,Watermelon
87,24,44,24.63,90.23,6.37,42.91,Watermelon
101,14,47,24.28,93.51,6.42,39.25,Watermelon
116,20,47,24.48,87.22,6.43,39.24,Watermelon
120,14,54,27.13,82.2,6.81,46.89,Watermelon
76,14,51,25.04,84.28,6.84,51.44,Watermelon
88,21,50,22.57,86.49,6.62,50.92,Watermelon
109,12,51,23.72,86.42,7.09,44.83,Watermelon
89,12,50,24.32,86.46,6.75,54.01,Watermelon
77,22,52,26.6,86.32,6.57,56.99,Watermelon
122,11,53,25.5,84.81,6.04,49.09,Watermelon
87,14,46,25.06,83.98,6.53,41.11,Watermelon
81,19,47,26.89,85.88,6.68,59.26,Watermelon
95,13,52,26.21,84.64,6.92,49.53,Watermelon
99,17,47,25.69,89.39,6.63,50.99,Watermelon
97,18,52,26.33,84.2,6.6,53.68,Watermelon
86,18,43,26.18,87.18,6.72,48.43,Watermelon
102,25,54,25.56,85.62,6.83,41.8,Watermelon
95,25,52,26.04,80.68,6.49,47.26,Watermelon
102,12,46,23.12,88.87,6.38,51.74,Watermelon
98,10,46,24.39,83.03,6.61,46.03,Watermelon
119,23,52,25.46,89.74,6.43,50.61,Watermelon
101,21,51,25.03,83.6,6.69,55.09,Watermelon
94,7,49,26.35,90.62,6.14,48.24,Watermelon
94,25,49,24.51,86.88,6.38,43.45,Watermelon
88,27,51,25.73,84.45,6.59,52.48,Watermelon
102,17,52,25.63,82.27,6.32,38.93,Watermelon
123,22,47,25.26,83.29,6.96,42.28,Watermelon
100,16,52,25.48,79.93,6.42,44.97,Watermelon
99,25,44,24.64,83.54,6.39,55.24,Watermelon
96,19,48,25.88,87.53,6.28,55.49,Watermelon
99,23,49,26.06,85.08,6.47,52.35,Watermelon
105,9,54,23.37,83.15,6.47,53.27,Watermelon
117,5,48,23.05,85.29,6.58,60.34,Watermelon
100,23,51,25.08,80.97,6.58,41.85,Watermelon
114,16,53,25.02,86.01,6.56,50.53,Watermelon
93,19,47,24.15,88.93,6.72,51.2,Watermelon
118,15,53,25.81,82.13,7.05,56.74,Watermelon
97,21,48,26.59,78.03,6.19,56.68,Watermelon
96,18,45,27.82,88.77,6.44,48.37,Watermelon
111,28,52,28.21,82.43,6.25,43.67,Watermelon
104,18,49,26.57,88.9,6.04,47.22,Watermelon
108,14,47,26.82,81.33,6.41,52.77,Watermelon
92,21,48,27.29,84.82,6.7,55.28,Watermelon
91,5,51,25.69,86.87,6.43,48.22,Watermelon
123,8,52,24.91,84.19,6.4,45.98,Watermelon
105,25,51,25.72,82.24,6.66,63.74,Watermelon
94,14,48,25.01,76.96,6.62,45.73,Watermelon
79,21,46,25.19,89.6,6.08,41.6,Watermelon
102,23,45,26.09,86.94,5.88,55.59,Watermelon
109,15,53,26.96,85.51,6.36,44.96,Watermelon
98,20,49,22.96,89.01,6.56,48.52,Watermelon
109,26,41,26.12,80.92,6.65,51.57,Watermelon
106,14,44,25.06,86.42,6.8,43.77,Watermelon
111,13,51,24.99,85.75,6.77,43.44,Watermelon
90,18,57,24.56,91.32,7.1,50.22,Watermelon
95,12,49,23.91,84.97,6.95,47.13,Watermelon
96,6,51,25.92,85.39,6.43,49.04,Watermelon
105,16,50,25.86,88.57,6.7,51.96,Watermelon
117,19,53,26.33,79.67,6.89,51.61,Watermelon
98,18,48,25.87,83.42,6.88,50.12,Watermelon
94,11,50,25.82,86.37,6.19,41.19,Watermelon
106,25,46,27.51,86.05,6.5,48.41,Watermelon
82,22,47,24.66,88.18,5.94,41.66,Watermelon
98,18,51,25.24,92.79,6.43,49.42,Watermelon
89,17,51,27.04,80.73,6.43,53.48,Watermelon
106,17,51,24.63,89.87,6.8,42.73,Watermelon
86,10,52,24.06,84.21,6.64,50.4,Watermelon
102,10,51,24.86,84.23,6.57,51.42,Watermelon
99,12,49,25.6,81.07,6.36,53.13,Watermelon
83,23,53,24.11,89.27,6.46,53.31,Watermelon
93,22,51,24.62,81.7,6.06,51.93,Watermelon
105,20,49,24.21,83.15,6.85,47.89,Watermelon
100,10,51,25.05,88.34,6.73,47.83,Watermelon
97,13,45,24.57,85.79,6.6,51.69,Watermelon
95,22,50,26.44,79.88,5.32,52.5,Watermelon
81,15,49,27.5,86.4,6.55,55.82,Watermelon
103,14,53,24.27,86.17,6.04,52.02,Watermelon
101,27,45,24.88,87.67,6.6,51.88,Watermelon
87,13,53,25.54,86.33,6.47,43.7,Watermelon
111,20,56,27.58,93.53,6.01,25.17,Muskmelon
111,7,49,28.04,91.25,6.52,28.06,Muskmelon
98,19,50,28.6,90.67,6.73,25.59,Muskmelon
104,13,48,28.42,90.0,5.89,22.9,Muskmelon
106,14,46,27.79,91.62,6.29,31.2,Muskmelon
112,23,53,27.6,90.47,6.07,28.7,Muskmelon
93,11,48,28.36,92.7,6.48,22.22,Muskmelon
108,14,49,29.29,91.34,6.23,26.48,Muskmelon
89,16,51,30.65,93.21,6.54,26.29,Muskmelon
87,18,49,28.92,92.47,6.51,23.77,Muskmelon
100,11,49,29.99,92.78,6.39,30.39,Muskmelon
83,12,55,28.65,91.94,6.04,26.04,Muskmelon
106,12,49,28.26,92.68,6.06,28.46,Muskmelon
110,16,49,28.46,91.13,6.27,23.89,Muskmelon
119,22,52,28.97,90.62,6.39,27.61,Muskmelon
84,21,56,29.66,94.42,6.47,27.6,Muskmelon
91,21,51,28.89,94.27,6.24,24.14,Muskmelon
101,12,50,26.88,93.87,6.41,23.14,Muskmelon
89,16,52,29.15,91.24,6.15,26.67,Muskmelon
91,18,50,28.91,93.59,6.02,18.97,Muskmelon
93,27,56,30.43,92.01,5.87,17.67,Muskmelon
92,17,53,29.47,92.64,6.13,21.82,Muskmelon
103,21,51,27.57,93.28,6.53,21.49,Muskmelon
90,21,49,30.19,93.05,6.25,24.67,Muskmelon
100,14,47,29.3,93.57,6.58,29.25,Muskmelon
93,26,47,27.59,89.66,6.27,23.19,Muskmelon
106,19,46,28.21,91.74,5.87,21.76,Muskmelon
90,25,50,29.26,90.05,6.76,28.6,Muskmelon
76,14,51,29.24,91.28,6.31,22.91,Muskmelon
101,23,47,29.6,91.13,6.15,27.16,Muskmelon
111,22,46,28.13,93.53,6.41,21.48,Muskmelon
105,14,55,30.14,93.21,6.81,24.89,Muskmelon
109,25,50,28.34,89.74,6.38,27.17,Muskmelon
111,20,48,26.62,91.56,6.31,23.76,Muskmelon
107,27,50,28.38,91.91,6.44,22.22,Muskmelon
101,20,50,29.06,92.95,5.87,26.61,Muskmelon
91,12,46,29.03,91.97,5.9,26.13,Muskmelon
82,18,50,29.49,94.97,5.99,24.54,Muskmelon
96,20,50,28.25,91.64,6.07,27.66,Muskmelon
105,22,49,27.94,90.68,6.51,21.58,Muskmelon
122,11,50,30.17,93.2,6.45,21.79,Muskmelon
83,21,54,28.16,90.59,5.66,21.76,Muskmelon
98,25,52,28.91,91.7,6.23,28.92,Muskmelon
102,7,47,27.74,91.48,6.57,24.38,Muskmelon
99,24,47,30.46,91.29,6.43,23.86,Muskmelon
101,20,51,27.85,90.62,7.15,23.25,Muskmelon
108,9,49,28.47,93.01,5.58,25.2,Muskmelon
86,19,46,27.74,91.89,6.08,23.27,Muskmelon
85,8,53,27.3,92.03,6.63,22.86,Muskmelon
90,19,53,27.43,92.07,5.88,23.52,Muskmelon
100,13,48,27.19,92.42,6.72,21.41,Muskmelon
92,20,53,27.11,92.05,6.48,24.39,Muskmelon
70,20,54,28.72,90.75,6.25,30.01,Muskmelon
110,21,51,27.94,92.0,6.38,26.35,Muskmelon
118,23,45,28.82,93.41,6.59,22.81,Muskmelon
134,11,46,28.83,95.48,6.15,23.9,Muskmelon
112,17,48,29.17,92.71,6.71,28.57,Muskmelon
103,19,50,29.09,92.38,6.4,28.29,Muskmelon
118,10,50,27.91,91.83,6.52,26.71,Muskmelon
98,8,47,29.5,88.19,6.76,26.26,Muskmelon
115,17,43,29.03,94.21,6.68,22.71,Muskmelon
101,15,47,29.56,90.5,6.13,21.39,Muskmelon
82,18,53,28.42,90.04,6.65,29.76,Muskmelon
92,15,51,30.22,91.52,6.0,26.59,Muskmelon
109,18,48,29.59,93.09,6.17,24.85,Muskmelon
83,21,49,28.16,92.25,6.41,27.38,Muskmelon
107,17,52,29.0,91.66,6.36,24.26,Muskmelon
106,16,48,30.57,93.71,6.17,26.41,Muskmelon
101,19,50,29.79,92.82,6.38,27.83,Muskmelon
102,18,50,28.51,92.31,6.22,22.45,Muskmelon
88,11,47,28.43,92.45,6.32,17.63,Muskmelon
118,23,51,30.51,90.83,6.97,21.8,Muskmelon
102,11,50,28.99,92.07,6.61,25.0,Muskmelon
93,15,52,27.95,93.67,6.77,19.69,Muskmelon
113,28,50,29.2,93.86,6.32,25.25,Muskmelon
84,18,51,29.12,93.9,6.17,23.1,Muskmelon
122,17,50,28.53,91.07,6.89,23.12,Muskmelon
86,15,43,27.95,90.85,6.59,22.68,Muskmelon
110,24,52,28.38,92.51,5.94,24.3,Muskmelon
89,21,57,29.1,89.31,6.29,25.07,Muskmelon
101,14,50,27.36,90.88,6.59,21.65,Muskmelon
106,11,55,27.83,91.96,6.5,23.0,Muskmelon
101,20,52,29.39,92.04,6.36,31.75,Muskmelon
111,13,50,28.26,92.1,6.03,23.46,Muskmelon
121,20,42,29.82,93.93,6.29,26.85,Muskmelon
89,15,54,28.33,89.5,6.38,24.46,Muskmelon
114,18,48,29.65,92.48,6.17,28.16,Muskmelon
102,18,50,27.53,91.51,6.4,24.12,Muskmelon
115,19,52,28.61,93.88,6.52,24.74,Muskmelon
99,13,51,28.56,91.55,6.73,20.95,Muskmelon
94,23,50,28.55,92.68,6.45,20.15,Muskmelon
95,26,48,28.28,91.49,6.37,22.95,Muskmelon
105,18,52,27.55,91.79,6.33,26.07,Muskmelon
90,22,53,27.61,91.56,6.24,32.6,Muskmelon
94,26,46,27.61,91.27,6.15,23.9,Muskmelon
91,13,53,29.82,93.72,6.56,24.98,Muskmelon
94,13,51,27.43,90.81,6.75,30.4,Muskmelon
104,23,49,27.26,93.22,6.57,24.92,Muskmelon
97,22,47,27.83,90.79,6.43,21.44,Muskmelon
91,14,49,27.11,92.43,6.77,25.11,Muskmelon
30,144,203,22.69,92.33,6.13,109.57,Apple
9,137,195,21.45,92.3,5.87,101.4,Apple
21,141,195,24.13,89.96,6.54,109.41,Apple
21,118,199,22.87,92.17,5.73,105.13,Apple
27,134,206,21.97,91.65,6.14,99.72,Apple
13,142,195,20.42,95.1,5.48,114.17,Apple
21,111,198,23.14,92.83,6.17,109.6,Apple
25,128,194,21.04,90.11,6.2,100.58,Apple
22,131,199,24.24,91.64,6.08,113.0,Apple
20,152,194,24.15,93.28,5.76,125.73,Apple
9,129,195,23.09,90.63,6.03,111.21,Apple
18,137,198,21.29,96.5,5.75,94.96,Apple
15,123,203,22.99,92.9,5.79,110.47,Apple
18,133,203,23.0,93.05,6.05,119.78,Apple
22,136,204,21.8,91.02,5.54,114.16,Apple
9,137,199,23.96,91.29,5.84,121.68,Apple
29,128,200,22.95,92.86,5.82,122.95,Apple
9,130,201,23.15,94.33,6.26,110.42,Apple
28,128,203,24.77,94.12,5.93,110.05,Apple
11,136,195,21.65,90.51,5.76,112.48,Apple
22,129,204,22.35,91.12,5.97,128.41,Apple
23,131,193,22.34,92.65,5.78,99.38,Apple
15,145,205,21.54,93.31,5.55,123.93,Apple
22,141,193,23.41,92.29,6.16,120.02,Apple
21,129,203,22.53,90.99,5.62,100.88,Apple
17,142,200,21.96,93.51,5.65,113.46,Apple
19,140,193,21.58,89.84,5.82,122.39,Apple
17,129,203,23.88,92.17,6.11,104.08,Apple
29,151,202,20.1,91.46,6.08,109.33,Apple
28,138,197,22.64,90.96,5.85,108.26,Apple
28,150,194,20.29,91.93,5.44,113.07,Apple
25,145,200,22.37,89.33,5.91,113.27,Apple
24,128,198,20.83,88.86,5.57,100.14,Apple
23,129,197,21.42,87.45,6.35,104.7,Apple
18,122,203,22.77,91.06,5.78,126.13,Apple
20,132,196,20.33,92.06,6.0,121.5,Apple
7,124,197,22.6,92.08,5.86,115.96,Apple
15,141,201,22.22,94.7,6.37,120.16,Apple
2,146,203,25.01,94.16,6.37,119.73,Apple
29,149,200,20.71,91.84,6.02,113.3,Apple
13,120,197,23.57,94.67,6.17,121.16,Apple
20,120,198,22.29,91.55,5.92,116.23,Apple
26,131,192,22.02,92.37,6.27,108.16,Apple
24,136,200,23.72,91.31,5.73,112.6,Apple
17,138,197,22.87,92.15,5.96,109.02,Apple
18,134,200,22.59,94.86,5.6,112.19,Apple
11,136,195,22.27,91.74,5.98,108.28,Apple
17,145,201,21.93,91.92,6.39,110.82,Apple
16,128,197,21.89,90.38,5.56,106.07,Apple
24,130,199,24.12,94.24,5.82,107.65,Apple
15,139,199,22.14,91.08,5.67,115.26,Apple
13,141,197,22.42,90.29,5.9,110.07,Apple
20,145,200,21.65,91.23,6.08,123.09,Apple
22,139,202,24.3,89.38,6.1,120.57,Apple
12,126,196,21.73,91.58,5.97,119.63,Apple
27,127,196,24.18,93.27,5.92,116.49,Apple
20,138,198,22.92,90.03,5.69,107.28,Apple
18,126,197,20.78,93.12,5.88,99.06,Apple
15,136,197,21.76,92.19,6.0,101.21,Apple
24,127,199,22.56,91.51,5.59,110.41,Apple
30,123,206,22.29,92.35,5.57,106.53,Apple
17,125,199,22.11,95.08,5.55,113.52,Apple
22,125,202,22.12,88.56,6.1,103.76,Apple
14,139,198,23.7,94.12,5.71,119.05,Apple
16,151,197,23.83,93.57,5.99,107.34,Apple
20,116,200,23.02,92.5,5.01,102.57,Apple
16,136,201,22.4,93.25,5.59,117.58,Apple
23,137,199,24.8,93.04,5.61,114.69,Apple
25,129,204,23.06,88.79,5.99,109.45,Apple
24,141,200,24.6,92.03,6.09,119.14,Apple
20,140,197,22.09,90.33,5.97,115.3,Apple
28,140,198,21.19,92.95,6.23,118.74,Apple
27,132,198,21.72,92.22,5.88,114.35,Apple
20,132,196,23.73,92.41,5.85,106.72,Apple
13,144,202,20.65,93.44,6.18,113.7,Apple
30,135,194,23.04,92.67,5.72,117.29,Apple
10,141,196,21.42,92.13,6.03,114.01,Apple
16,129,195,22.33,93.91,5.9,119.58,Apple
29,129,199,25.21,94.47,5.4,115.8,Apple
21,140,197,21.59,91.29,5.73,119.22,Apple
13,129,192,23.81,94.21,5.8,110.32,Apple
23,145,201,21.76,89.87,5.57,113.29,Apple
17,135,197,21.33,90.53,6.37,119.81,Apple
31,138,198,24.19,92.25,5.97,112.36,Apple
3,146,201,23.0,92.21,5.95,107.92,Apple
24,123,200,23.27,92.0,6.01,104.77,Apple
15,135,202,20.35,93.08,5.74,111.16,Apple
12,127,203,22.64,91.73,5.87,116.61,Apple
23,133,204,23.76,92.92,5.92,117.96,Apple
22,142,203,21.38,90.67,5.69,120.51,Apple
11,137,201,24.0,92.57,5.5,105.03,Apple
13,129,199,21.2,94.51,5.5,123.47,Apple
28,141,197,23.01,90.38,6.17,112.11,Apple
18,124,190,21.35,93.97,5.78,111.35,Apple
24,148,205,21.43,89.39,6.61,130.85,Apple
22,123,203,22.47,92.13,6.17,115.37,Apple
13,131,202,23.21,92.69,6.18,109.81,Apple
22,106,198,23.52,91.71,5.76,104.37,Apple
27,138,203,20.53,92.06,5.82,110.46,Apple
17,131,203,20.3,94.97,6.05,112.36,Apple
25,8,8,22.07,94.25,6.97,113.2,Orange
16,19,15,28.77,92.08,7.41,113.97,Orange
23,23,13,22.04,93.16,6.77,104.96,Orange
18,16,5,27.96,88.05,8.63,119.51,Orange
18,17,10,19.27,92.49,6.91,109.93,Orange
21,9,10,23.78,92.39,6.87,117.33,Orange
17,18,13,22.32,92.52,6.94,117.92,Orange
18,24,9,17.64,93.22,6.82,114.22,Orange
3,17,8,16.42,91.37,6.66,110.21,Orange
11,18,14,24.49,93.41,7.66,117.92,Orange
31,14,7,27.5,93.26,7.47,121.84,Orange
20,19,7,35.61,91.7,6.82,108.42,Orange
16,12,8,14.61,91.02,8.17,114.91,Orange
25,24,15,12.17,90.36,6.52,107.68,Orange
18,14,10,23.01,91.12,5.69,104.54,Orange
16,15,6,19.86,90.5,6.92,104.06,Orange
14,9,9,17.6,93.56,7.24,110.08,Orange
15,19,12,23.66,94.61,7.28,115.98,Orange
20,21,7,20.05,92.72,7.21,113.55,Orange
26,8,7,24.18,91.11,9.03,113.59,Orange
19,13,8,22.98,92.37,6.73,108.86,Orange
28,25,10,14.75,93.01,7.93,118.72,Orange
24,25,10,26.57,91.18,7.18,118.48,Orange
16,11,10,21.44,93.17,6.73,120.81,Orange
12,24,7,12.02,92.56,6.85,103.84,Orange
9,16,12,26.31,92.29,7.29,110.34,Orange
11,8,9,21.84,93.48,7.45,114.13,Orange
18,8,11,25.95,88.62,6.5,106.35,Orange
20,12,9,21.54,91.96,6.57,106.67,Orange
13,19,11,18.18,94.48,6.81,119.68,Orange
16,5,11,24.29,92.25,6.61,110.29,Orange
16,15,12,23.91,93.11,6.86,108.45,Orange
13,14,5,19.26,92.08,7.34,108.89,Orange
22,5,9,12.72,90.39,6.89,118.16,Orange
22,17,9,18.52,91.38,7.26,102.19,Orange
23,14,12,28.57,89.69,6.65,105.37,Orange
9,10,17,26.46,95.08,7.5,106.05,Orange
17,20,11,19.34,89.94,8.97,109.65,Orange
18,17,9,23.54,94.13,6.93,103.52,Orange
19,14,14,29.83,92.36,6.23,103.14,Orange
20,19,8,19.92,91.31,6.99,96.2,Orange
13,13,13,17.92,92.47,7.14,118.29,Orange
27,16,8,18.82,91.84,6.74,113.82,Orange
22,20,13,33.98,92.39,7.66,108.39,Orange
27,23,13,23.36,91.2,6.16,110.26,Orange
29,15,12,27.86,91.77,7.79,93.05,Orange
12,11,7,24.82,92.64,7.24,114.08,Orange
14,9,11,19.02,89.84,7.58,118.87,Orange
29,18,11,31.02,91.24,7.67,112.15,Orange
25,18,13,24.14,89.97,7.87,104.81,Orange
27,16,13,29.61,92.85,7.31,113.04,Orange
7,17,6,23.83,90.49,6.29,120.13,Orange
26,16,10,21.31,93.05,6.59,116.46,Orange
18,14,10,19.25,92.69,6.68,113.31,Orange
27,12,9,25.57,91.55,7.28,113.83,Orange
26,13,7,20.95,90.75,7.34,103.53,Orange
33,24,10,28.0,89.74,8.51,106.96,Orange
19,5,11,16.16,92.35,6.67,104.03,Orange
15,18,6,18.31,93.19,8.56,113.37,Orange
14,14,10,20.7,93.55,7.13,115.95,Orange
18,24,9,16.97,95.47,5.91,106.07,Orange
16,32,15,31.76,91.7,8.46,112.71,Orange
25,18,9,21.29,91.89,7.37,112.7,Orange
19,26,5,25.86,93.28,7.69,110.11,Orange
21,22,14,21.0,92.6,8.01,97.76,Orange
15,25,13,25.93,91.53,6.47,106.95,Orange
29,13,10,18.28,93.46,6.68,109.91,Orange
9,7,10,14.85,95.36,5.76,105.7,Orange
20,14,6,17.05,90.71,6.83,122.21,Orange
20,24,11,29.48,88.0,6.82,118.34,Orange
16,27,14,19.99,91.45,6.39,106.72,Orange
12,19,5,26.42,93.14,6.0,119.8,Orange
23,21,7,26.53,93.89,6.94,122.51,Orange
20,23,10,26.31,89.69,7.22,106.09,Orange
14,27,9,16.78,91.66,6.22,119.1,Orange
15,20,14,19.8,93.0,6.38,125.17,Orange
25,15,7,22.12,91.69,8.17,103.15,Orange
20,16,9,22.15,92.03,7.52,114.15,Orange
22,5,10,12.87,93.17,7.88,104.94,Orange
18,13,13,23.37,94.79,7.25,111.95,Orange
20,21,5,23.31,92.09,7.44,109.37,Orange
13,17,6,11.25,93.29,7.35,113.3,Orange
27,13,5,22.38,91.68,6.49,110.02,Orange
16,5,8,15.98,92.55,6.61,117.17,Orange
29,21,5,31.83,94.56,7.01,118.44,Orange
16,5,7,33.18,89.96,7.0,110.7,Orange
16,14,10,19.43,90.07,7.13,116.94,Orange
25,12,6,21.09,94.55,7.39,114.72,Orange
25,19,10,26.77,91.38,6.15,114.84,Orange
27,10,12,32.88,92.2,6.51,111.24,Orange
16,13,11,13.18,90.03,7.01,110.37,Orange
22,28,10,26.39,90.74,7.46,107.34,Orange
20,16,13,14.94,88.78,6.87,113.31,Orange
20,24,11,19.42,88.71,6.86,116.67,Orange
17,17,11,16.71,93.13,7.98,109.46,Orange
13,16,5,24.82,92.88,8.01,109.34,Orange
22,11,8,13.65,91.91,6.82,112.3,Orange
16,17,8,20.81,92.32,7.02,115.07,Orange
19,14,9,18.51,91.66,8.22,105.02,Orange
18,14,9,20.81,92.62,5.97,116.72,Orange
56,49,43,30.28,92.04,7.22,167.05,Papaya
31,53,49,34.59,90.43,6.67,110.31,Papaya
38,61,52,36.64,93.26,6.6,174.75,Papaya
53,60,48,31.96,92.51,7.19,156.16,Papaya
43,52,48,41.32,91.8,6.88,125.68,Papaya
52,65,48,31.46,94.89,6.9,178.18,Papaya
57,62,56,33.85,93.27,6.41,105.48,Papaya
37,69,42,32.29,87.91,6.53,120.51,Papaya
63,62,47,37.43,92.43,6.71,88.48,Papaya
40,52,50,33.97,94.72,6.78,20.76,Papaya
52,47,47,30.86,91.4,6.42,151.76,Papaya
35,61,56,29.05,91.97,6.2,129.06,Papaya
56,64,50,36.81,96.22,7.04,119.09,Papaya
35,55,47,35.28,90.63,6.69,180.31,Papaya
48,51,53,27.12,91.91,6.69,143.32,Papaya
51,63,49,32.41,91.79,6.58,178.04,Papaya
43,65,50,31.88,93.33,6.55,171.32,Papaya
52,54,51,35.61,94.14,6.89,164.71,Papaya
38,78,45,37.02,93.05,6.47,137.01,Papaya
49,69,47,32.78,88.9,7.05,94.43,Papaya
53,58,49,36.53,94.91,6.75,172.08,Papaya
53,67,48,37.46,94.07,6.92,112.89,Papaya
48,60,45,39.28,92.38,6.76,116.63,Papaya
36,54,50,36.06,92.64,6.77,127.43,Papaya
54,70,52,36.53,92.84,6.4,95.59,Papaya
54,58,51,39.57,93.49,6.95,146.86,Papaya
41,58,47,39.15,93.59,6.8,198.22,Papaya
29,63,46,33.67,91.93,6.83,152.87,Papaya
63,54,52,34.27,89.95,6.52,135.86,Papaya
61,62,46,33.21,95.43,6.72,127.87,Papaya
54,65,48,35.46,91.91,6.84,150.24,Papaya
54,52,47,37.01,92.28,6.76,128.81,Papaya
58,54,49,36.45,94.16,6.6,230.79,Papaya
53,50,51,32.36,93.05,6.69,145.94,Papaya
40,66,46,29.82,92.95,7.02,126.73,Papaya
57,67,52,32.61,90.76,6.26,130.77,Papaya
61,50,52,30.37,92.56,6.84,112.92,Papaya
51,55,52,34.52,92.48,7.01,172.4,Papaya
43,58,49,33.98,96.19,6.77,50.98,Papaya
44,43,49,26.74,91.09,6.4,159.89,Papaya
50,61,49,28.82,93.17,7.08,161.01,Papaya
45,47,47,35.29,94.01,6.75,178.59,Papaya
57,63,48,34.31,91.13,6.7,157.49,Papaya
66,48,51,38.88,93.54,6.87,169.05,Papaya
62,50,45,33.68,89.16,6.95,197.53,Papaya
45,56,49,33.88,92.59,6.81,134.83,Papaya
59,62,48,38.37,90.36,6.68,186.11,Papaya
42,61,51,30.69,92.29,6.67,117.77,Papaya
73,52,53,32.33,90.77,6.72,171.81,Papaya
59,71,58,34.58,91.41,6.79,130.62,Papaya
59,48,57,36.7,89.87,6.56,179.32,Papaya
61,48,52,26.88,92.27,6.92,117.78,Papaya
34,60,48,35.9,91.07,6.55,51.65,Papaya
51,57,46,34.38,93.94,6.66,154.67,Papaya
52,49,56,32.05,93.38,6.85,136.32,Papaya
56,60,45,32.54,91.48,6.61,83.92,Papaya
61,71,52,38.15,91.88,6.57,107.56,Papaya
56,60,49,38.23,93.01,6.53,111.96,Papaya
56,67,51,40.34,94.85,6.79,104.86,Papaya
36,55,52,40.09,93.03,6.93,131.56,Papaya
56,65,44,32.25,93.82,6.75,88.76,Papaya
25,56,49,30.61,92.61,6.8,172.78,Papaya
26,48,49,35.7,93.13,6.79,125.35,Papaya
46,53,52,30.48,93.68,6.74,140.57,Papaya
43,48,48,32.54,88.85,6.66,184.2,Papaya
55,55,50,31.75,92.62,7.01,186.18,Papaya
55,55,52,27.8,92.02,6.82,175.92,Papaya
56,61,49,35.58,90.97,6.53,145.38,Papaya
51,44,51,36.4,92.28,7.17,111.87,Papaya
46,55,49,32.55,90.29,6.59,138.21,Papaya
62,76,54,30.99,91.36,6.67,222.91,Papaya
48,48,48,36.35,93.43,6.66,173.35,Papaya
27,59,52,30.78,91.15,6.33,214.15,Papaya
42,60,51,38.99,92.17,6.59,150.39,Papaya
62,57,47,28.31,90.57,6.87,128.17,Papaya
43,53,50,32.86,91.99,6.97,211.81,Papaya
33,61,47,32.83,92.86,6.66,152.97,Papaya
56,61,48,31.5,90.24,6.53,230.89,Papaya
42,49,50,33.31,92.11,6.98,167.31,Papaya
44,55,48,36.76,91.94,6.34,140.43,Papaya
34,76,47,33.13,92.79,6.64,129.55,Papaya
54,71,52,38.87,90.83,6.76,149.59,Papaya
53,70,49,32.28,93.2,6.34,131.94,Papaya
48,51,53,29.98,92.2,6.76,203.51,Papaya
49,66,52,34.13,90.77,6.41,147.39,Papaya
44,66,52,33.05,90.66,6.8,96.79,Papaya
42,51,49,37.8,92.39,6.61,73.95,Papaya
55,52,50,32.46,93.66,6.67,139.95,Papaya
54,75,52,33.39,92.4,6.6,99.85,Papaya
44,52,51,29.95,94.4,6.85,143.52,Papaya
50,54,50,37.51,91.35,6.39,174.24,Papaya
53,50,47,30.69,91.31,6.64,130.61,Papaya
43,52,49,34.29,91.93,6.93,165.46,Papaya
34,63,51,32.18,90.16,6.7,142.25,Papaya
38,47,49,32.88,91.77,6.68,92.98,Papaya
45,63,48,27.85,91.69,6.49,154.62,Papaya
53,45,52,29.81,94.74,6.69,86.51,Papaya
38,61,48,33.36,94.82,6.56,145.3,Papaya
64,61,45,35.47,90.66,6.98,105.57,Papaya
79,70,47,33.77,93.53,6.86,162.51,Papaya
29,16,28,26.88,96.52,6.11,183.86,Coconut
26,5,30,27.73,98.14,5.54,219.3,Coconut
22,19,35,28.24,95.6,6.07,162.16,Coconut
21,12,29,23.9,95.66,5.96,166.29,Coconut
23,8,35,27.25,94.51,5.71,176.37,Coconut
30,23,32,28.22,94.08,5.56,170.07,Coconut
20,23,30,29.82,97.19,5.86,125.44,Coconut
30,25,25,29.66,95.56,6.05,220.91,Coconut
30,20,31,28.32,94.0,5.98,150.44,Coconut
20,14,28,27.61,94.15,6.15,130.28,Coconut
21,17,29,27.14,91.63,6.11,193.83,Coconut
24,23,30,28.12,95.11,6.21,131.54,Coconut
16,26,22,27.19,97.14,5.97,164.36,Coconut
22,14,30,26.37,97.02,6.43,171.97,Coconut
13,13,29,28.16,92.78,5.77,190.0,Coconut
27,13,26,32.33,96.37,5.92,200.03,Coconut
21,22,30,27.54,94.57,5.57,229.97,Coconut
16,8,29,25.96,94.7,6.21,203.57,Coconut
26,15,30,28.01,91.28,6.17,134.9,Coconut
34,14,29,26.25,93.54,6.68,202.03,Coconut
12,26,33,26.98,95.41,6.0,230.93,Coconut
17,17,28,25.25,99.18,5.65,181.86,Coconut
11,14,31,26.16,95.97,5.92,208.18,Coconut
30,13,30,27.68,96.04,6.0,181.03,Coconut
20,17,33,28.37,96.2,6.22,171.39,Coconut
23,10,33,23.23,94.63,6.34,137.51,Coconut
24,12,28,28.82,95.2,5.39,148.36,Coconut
27,19,35,29.92,94.12,6.75,176.39,Coconut
16,13,23,29.81,97.99,5.7,169.32,Coconut
22,11,24,27.08,94.16,5.88,181.94,Coconut
30,15,30,28.49,95.91,5.82,178.4,Coconut
25,10,33,29.55,93.35,6.06,193.68,Coconut
18,19,30,25.2,95.72,5.67,202.0,Coconut
17,16,34,28.14,92.64,5.7,158.92,Coconut
24,19,27,25.65,95.36,5.95,236.1,Coconut
22,27,26,25.04,92.56,6.36,224.87,Coconut
17,14,26,24.68,96.24,6.07,175.99,Coconut
13,26,28,28.2,91.89,5.94,183.86,Coconut
23,17,31,25.7,95.19,6.03,182.19,Coconut
22,9,26,24.08,96.44,6.25,199.32,Coconut
23,5,26,27.66,95.07,5.93,186.03,Coconut
22,17,28,28.87,93.94,5.6,154.11,Coconut
19,22,29,27.12,92.3,6.24,157.45,Coconut
21,25,31,24.96,91.26,5.98,141.74,Coconut
25,17,30,26.34,98.28,6.85,167.9,Coconut
24,17,29,26.15,92.63,5.66,187.05,Coconut
18,5,31,27.34,97.49,6.11,134.3,Coconut
8,12,28,28.81,94.78,6.34,138.6,Coconut
27,21,23,29.38,94.99,6.12,151.48,Coconut
29,9,32,28.63,92.85,6.6,182.18,Coconut
25,7,36,25.56,96.85,5.7,158.37,Coconut
26,23,26,29.04,96.89,5.72,220.46,Coconut
13,13,31,26.12,95.33,6.07,170.46,Coconut
26,15,30,29.12,96.38,6.24,143.52,Coconut
25,11,26,27.29,92.99,6.24,198.51,Coconut
10,12,25,26.71,95.71,5.93,159.19,Coconut
29,5,33,26.58,94.64,5.84,218.9,Coconut
14,17,31,24.98,92.96,5.96,150.87,Coconut
17,14,31,26.89,96.96,5.7,140.65,Coconut
33,13,26,24.79,96.95,5.9,168.6,Coconut
21,23,29,30.92,95.07,6.32,198.25,Coconut
21,13,30,28.17,93.65,6.05,210.31,Coconut
34,22,35,26.46,96.2,6.4,150.6,Coconut
19,27,27,25.39,97.86,6.36,187.8,Coconut
21,14,30,29.77,95.28,6.65,150.56,Coconut
21,14,26,27.17,95.63,6.16,236.47,Coconut
24,23,30,29.92,99.6,6.16,147.91,Coconut
18,18,31,28.45,95.72,6.0,157.89,Coconut
24,28,33,28.2,96.86,5.89,161.47,Coconut
17,16,28,29.21,93.85,5.76,230.09,Coconut
19,17,31,25.69,97.27,6.19,219.33,Coconut
17,17,30,27.8,91.89,6.03,135.76,Coconut
24,5,24,28.63,93.71,5.7,211.28,Coconut
23,22,29,31.42,93.59,6.52,173.98,Coconut
12,19,30,25.82,92.96,5.99,185.49,Coconut
7,23,28,25.4,96.68,5.99,209.75,Coconut
24,16,29,28.12,93.97,5.74,192.78,Coconut
21,17,33,27.23,94.83,5.82,187.76,Coconut
24,22,28,26.71,96.38,6.08,150.33,Coconut
29,6,32,25.5,98.57,5.54,207.96,Coconut
21,14,30,28.35,92.99,5.76,193.89,Coconut
11,13,39,25.95,97.1,5.82,189.95,Coconut
25,23,29,30.38,93.62,6.07,182.57,Coconut
15,15,30,26.75,99.68,5.75,208.72,Coconut
27,16,27,26.25,93.76,5.46,147.6,Coconut
13,25,31,28.58,95.98,6.05,216.6,Coconut
18,17,32,25.42,100.0,6.01,179.68,Coconut
29,22,30,27.6,91.79,5.83,190.18,Coconut
24,24,29,25.32,96.91,6.43,200.85,Coconut
21,23,40,27.57,92.18,5.82,193.21,Coconut
12,18,31,29.7,97.42,6.26,115.14,Coconut
27,21,30,24.8,93.25,5.65,119.28,Coconut
21,12,37,27.15,97.39,5.53,160.86,Coconut
22,11,28,27.07,94.33,6.56,186.29,Coconut
24,20,31,27.28,94.16,6.05,208.09,Coconut
28,15,32,27.11,94.87,5.86,170.61,Coconut
30,17,30,25.23,94.18,5.93,152.48,Coconut
22,14,30,27.58,92.89,5.88,177.87,Coconut
29,18,28,28.0,98.22,6.28,191.03,Coconut
26,25,33,28.25,96.94,5.68,133.64,Coconut
119,46,18,25.24,73.28,6.58,74.58,Cotton
98,57,15,23.12,82.98,7.29,67.1,Cotton
126,48,26,24.61,79.31,6.39,71.47,Cotton
108,56,20,24.85,85.1,5.48,95.75,Cotton
118,49,17,22.87,81.51,8.33,92.44,Cotton
133,44,18,22.83,78.09,5.67,71.7,Cotton
111,44,20,24.54,79.75,6.55,56.84,Cotton
111,38,21,25.36,83.08,7.35,78.8,Cotton
111,40,15,25.49,79.19,6.15,70.48,Cotton
107,46,23,23.48,71.92,6.79,78.53,Cotton
115,40,20,24.1,79.71,7.15,75.24,Cotton
112,57,21,25.24,84.09,7.22,91.54,Cotton
99,47,19,26.52,83.05,6.52,84.87,Cotton
120,49,16,24.54,79.0,7.07,71.71,Cotton
110,55,16,22.53,79.62,6.44,69.78,Cotton
119,33,16,27.08,81.41,6.45,85.42,Cotton
124,53,19,25.46,72.67,6.27,82.37,Cotton
121,38,20,23.06,78.83,7.51,91.31,Cotton
106,37,18,23.96,77.5,7.52,84.57,Cotton
122,35,23,19.77,82.72,7.46,75.21,Cotton
133,45,20,24.51,90.95,7.71,88.81,Cotton
107,47,17,25.23,80.29,6.23,81.37,Cotton
107,47,17,24.04,82.43,6.87,75.71,Cotton
120,51,16,24.39,84.41,7.24,81.09,Cotton
125,49,22,20.96,74.36,7.5,62.34,Cotton
122,43,17,24.52,80.5,8.17,72.9,Cotton
135,48,18,25.2,81.78,6.92,83.6,Cotton
110,39,22,23.66,79.52,7.07,83.58,Cotton
100,56,20,23.7,81.31,7.04,89.6,Cotton
124,51,24,25.33,79.24,6.23,100.41,Cotton
115,42,14,24.51,80.32,5.99,85.84,Cotton
112,67,18,23.35,76.74,7.67,75.93,Cotton
109,51,15,24.94,86.03,7.24,88.05,Cotton
128,59,23,24.66,82.96,6.37,89.72,Cotton
105,43,10,24.6,77.55,7.57,85.08,Cotton
131,37,23,27.16,82.47,7.37,82.44,Cotton
111,52,15,23.37,73.6,6.48,88.1,Cotton
124,46,20,21.17,78.5,6.49,72.49,Cotton
125,39,18,20.87,78.77,6.25,81.35,Cotton
106,46,19,26.51,81.54,5.8,65.22,Cotton
118,38,11,26.02,82.32,7.21,73.11,Cotton
123,40,20,22.62,85.11,5.96,95.19,Cotton
118,42,20,25.1,84.58,7.09,69.71,Cotton
118,60,24,25.36,82.58,7.32,94.31,Cotton
112,35,20,22.77,76.11,6.47,110.22,Cotton
119,48,16,21.23,76.93,7.76,84.41,Cotton
125,51,18,26.08,77.59,7.74,85.71,Cotton
96,40,14,25.74,79.71,5.56,84.91,Cotton
111,34,25,24.16,78.77,6.66,62.24,Cotton
102,56,18,24.03,72.64,6.11,87.72,Cotton
122,60,24,23.65,81.46,6.71,105.06,Cotton
131,47,20,26.17,81.83,7.84,54.08,Cotton
123,41,25,26.32,79.91,7.82,101.8,Cotton
118,65,19,23.68,82.83,6.69,81.42,Cotton
134,46,14,24.55,77.36,7.42,88.75,Cotton
135,53,23,23.0,82.61,8.08,72.14,Cotton
139,41,17,24.44,82.31,7.45,68.86,Cotton
123,40,15,22.61,77.17,7.21,94.23,Cotton
100,48,16,24.94,77.62,6.27,90.0,Cotton
110,43,13,25.42,82.67,6.9,62.07,Cotton
132,40,18,27.47,77.34,7.35,87.15,Cotton
122,48,21,24.41,79.62,7.81,64.65,Cotton
130,52,22,25.68,79.48,5.78,79.53,Cotton
106,40,16,23.28,77.71,5.47,88.8,Cotton
144,50,19,23.92,78.33,6.95,79.96,Cotton
107,59,15,25.08,79.45,8.04,84.49,Cotton
113,44,20,22.29,77.12,5.83,69.32,Cotton
119,48,14,23.79,81.77,6.8,72.79,Cotton
113,41,18,24.26,87.88,6.45,76.58,Cotton
117,40,23,20.44,77.94,7.39,76.87,Cotton
108,49,22,24.32,77.0,7.17,75.58,Cotton
126,57,12,24.17,73.72,8.37,74.78,Cotton
126,45,17,22.62,85.35,7.47,103.72,Cotton
118,48,19,23.57,76.15,6.95,70.93,Cotton
123,47,20,26.51,79.67,7.35,105.02,Cotton
133,55,19,24.34,75.19,7.2,83.69,Cotton
118,54,16,26.45,82.96,6.86,78.62,Cotton
123,58,20,24.22,79.86,7.97,75.97,Cotton
117,57,20,25.71,76.61,6.78,98.21,Cotton
109,44,20,22.52,78.35,6.97,80.96,Cotton
133,58,17,24.17,82.16,7.81,89.02,Cotton
121,51,22,22.61,80.47,7.78,77.91,Cotton
119,44,13,24.03,80.86,6.59,66.54,Cotton
107,52,25,26.07,75.09,7.41,72.44,Cotton
111,42,22,25.44,79.46,6.85,85.97,Cotton
124,55,16,24.03,76.06,6.87,77.69,Cotton
117,39,15,20.86,79.34,6.64,72.29,Cotton
133,39,24,26.44,72.97,6.96,75.6,Cotton
83,34,22,27.03,82.96,7.09,80.14,Cotton
138,63,18,21.0,72.46,7.69,79.84,Cotton
120,31,17,23.56,80.53,6.66,67.95,Cotton
108,55,20,24.92,76.65,5.13,74.12,Cotton
107,48,29,25.04,89.38,7.24,72.84,Cotton
122,60,25,23.14,80.69,6.04,90.3,Cotton
136,46,17,24.54,81.26,6.95,82.54,Cotton
115,53,22,22.53,76.26,6.75,89.24,Cotton
119,40,20,23.5,82.88,7.1,76.62,Cotton
120,56,18,24.6,79.55,7.16,72.55,Cotton
119,54,17,22.01,75.28,6.2,87.54,Cotton
101,43,21,24.62,78.45,7.01,81.69,Cotton
75,45,46,25.97,92.0,6.5,173.27,Jute
62,40,45,24.37,89.2,6.2,155.84,Jute
73,46,42,25.54,77.52,6.65,169.06,Jute
67,39,43,22.81,87.69,6.56,160.89,Jute
86,58,43,25.6,85.03,6.01,165.41,Jute
67,56,38,26.01,82.28,6.36,164.23,Jute
93,40,40,24.06,78.03,6.68,160.71,Jute
66,49,37,24.03,74.9,6.67,191.79,Jute
96,41,46,23.79,85.02,6.41,159.12,Jute
69,46,41,25.8,74.88,6.3,158.3,Jute
76,45,37,25.32,90.91,6.5,167.0,Jute
84,42,42,24.14,88.76,6.84,163.64,Jute
70,42,44,23.48,76.26,6.48,174.52,Jute
74,35,38,24.88,76.46,6.97,191.35,Jute
77,48,33,24.49,84.62,6.53,161.53,Jute
105,61,41,26.37,68.47,6.38,166.34,Jute
75,43,32,25.46,82.32,7.34,160.61,Jute
67,25,39,26.08,76.54,7.56,170.18,Jute
79,36,40,22.62,83.07,6.99,199.27,Jute
65,48,41,25.53,75.27,5.74,181.05,Jute
76,42,42,24.95,73.0,5.93,154.48,Jute
106,52,40,24.78,78.36,7.17,165.97,Jute
84,44,45,25.89,85.83,6.47,193.85,Jute
74,47,44,23.75,80.62,6.88,184.16,Jute
72,63,36,26.75,85.68,7.46,146.21,Jute
67,58,34,23.07,77.16,6.78,203.46,Jute
75,42,40,25.56,81.81,6.63,139.61,Jute
66,58,40,24.61,85.19,6.25,170.74,Jute
79,43,40,24.77,72.6,6.77,150.89,Jute
79,57,39,23.59,78.97,6.37,185.5,Jute
76,60,43,24.82,83.18,6.54,175.41,Jute
73,53,44,25.96,84.21,7.07,184.72,Jute
64,60,45,24.72,77.75,6.94,184.71,Jute
75,36,40,25.66,83.23,6.84,169.92,Jute
89,47,38,24.78,70.87,6.63,187.19,Jute
82,59,39,25.58,83.56,7.64,177.41,Jute
65,53,45,24.61,83.81,7.19,193.11,Jute
79,41,39,25.55,84.14,6.83,167.96,Jute
84,53,41,24.0,78.69,7.08,149.91,Jute
52,59,41,25.73,74.22,7.0,179.75,Jute
58,58,40,24.52,77.71,5.89,185.48,Jute
81,45,43,23.34,76.62,6.36,169.78,Jute
78,50,38,23.95,88.03,7.66,177.38,Jute
68,58,35,24.6,76.12,6.24,169.76,Jute
67,47,40,24.25,77.75,6.61,189.38,Jute
76,53,41,25.69,86.54,6.25,166.28,Jute
99,44,31,24.76,80.27,5.65,198.81,Jute
69,49,39,23.45,74.25,6.33,194.34,Jute
76,42,37,26.44,86.92,7.17,183.66,Jute
81,37,39,24.18,70.47,7.12,162.28,Jute
92,54,41,25.74,76.52,7.44,175.58,Jute
81,41,37,25.57,80.69,6.38,148.91,Jute
62,56,38,24.59,86.85,6.25,161.71,Jute
68,59,45,25.9,83.52,6.47,209.85,Jute
81,53,39,24.68,87.92,6.92,200.92,Jute
81,40,38,25.12,76.47,6.26,196.43,Jute
71,48,40,24.29,86.85,6.25,179.51,Jute
80,46,36,26.04,83.32,6.43,187.53,Jute
82,36,37,26.37,81.15,6.47,159.35,Jute
71,43,37,22.91,85.3,7.09,151.88,Jute
79,39,39,24.59,77.46,7.5,166.87,Jute
68,40,43,23.02,75.79,7.28,179.19,Jute
80,64,40,24.15,78.19,6.25,197.41,Jute
84,55,43,24.5,74.88,6.68,159.09,Jute
79,56,39,25.18,79.13,7.02,162.78,Jute
51,50,42,25.54,76.4,6.25,183.7,Jute
79,45,45,23.86,88.48,6.71,141.76,Jute
75,54,38,23.23,78.78,6.36,183.65,Jute
87,38,37,25.91,75.31,6.27,153.58,Jute
82,49,37,25.01,87.24,6.31,139.67,Jute
83,46,37,25.78,83.8,5.82,163.05,Jute
105,51,42,26.41,79.69,7.02,187.73,Jute
84,44,40,24.29,79.66,6.23,160.57,Jute
74,39,38,24.8,81.61,7.08,166.45,Jute
94,54,41,25.18,81.2,7.17,196.82,Jute
94,47,41,26.61,76.48,6.57,175.09,Jute
88,54,39,23.19,80.83,6.33,147.98,Jute
62,49,44,25.05,80.66,7.17,147.0,Jute
84,46,41,24.42,75.51,6.76,204.49,Jute
88,42,35,22.98,86.18,6.32,168.94,Jute
93,34,44,24.7,73.86,6.6,161.79,Jute
83,41,34,24.74,72.82,6.78,153.43,Jute
72,48,39,25.3,83.0,6.24,173.64,Jute
38,48,39,23.82,81.18,7.17,166.23,Jute
66,48,35,24.21,85.71,6.72,140.97,Jute
56,48,42,23.06,81.85,7.23,208.78,Jute
81,51,33,27.52,76.72,6.33,170.21,Jute
96,64,40,26.2,79.82,6.28,201.38,Jute
70,59,43,25.74,88.74,7.59,171.65,Jute
68,32,46,24.47,85.28,6.4,202.49,Jute
69,37,39,24.36,82.58,6.68,186.1,Jute
74,41,38,27.45,80.73,5.91,165.44,Jute
79,61,43,23.89,91.69,6.69,197.23,Jute
64,27,35,21.1,90.16,6.79,158.16,Jute
83,48,41,26.45,78.15,6.35,189.7,Jute
87,47,46,24.47,75.1,6.87,162.65,Jute
83,40,38,27.27,77.57,6.38,195.87,Jute
65,41,41,26.13,85.7,6.4,185.53,Jute
72,42,43,24.34,80.99,6.76,155.53,Jute
89,51,34,25.33,75.74,7.14,148.78,Jute
96,31,30,27.18,48.27,7.46,171.23,Coffee
117,35,29,22.67,54.96,7.44,192.74,Coffee
93,9,29,24.87,57.15,7.01,180.01,Coffee
112,32,24,24.75,75.03,6.95,167.3,Coffee
105,31,22,24.97,58.63,7.31,159.29,Coffee
81,32,27,22.82,53.06,7.02,189.57,Coffee
106,33,31,25.72,63.78,5.83,160.88,Coffee
88,37,29,25.57,48.36,7.21,173.78,Coffee
107,23,27,25.99,54.04,6.97,104.08,Coffee
95,41,31,25.87,72.8,5.87,137.72,Coffee
96,35,32,23.59,65.89,6.64,188.39,Coffee
88,28,28,27.82,55.24,6.78,170.77,Coffee
107,35,30,24.58,56.45,6.81,164.34,Coffee
99,29,25,26.97,60.17,7.2,158.1,Coffee
80,26,29,27.13,44.41,6.82,170.94,Coffee
93,29,28,23.89,56.04,6.52,175.19,Coffee
92,22,35,27.61,45.87,6.49,164.16,Coffee
104,18,33,27.32,62.27,7.34,169.41,Coffee
106,39,33,23.65,63.33,6.53,170.7,Coffee
106,19,29,26.08,55.85,6.93,178.25,Coffee
100,30,34,26.54,60.31,6.42,174.88,Coffee
104,37,30,21.5,47.0,7.09,143.85,Coffee
106,29,29,25.29,52.84,6.79,143.49,Coffee
96,26,29,27.53,57.99,7.21,196.55,Coffee
111,32,30,27.4,59.53,7.19,173.45,Coffee
96,35,30,25.27,55.57,6.87,183.01,Coffee
111,31,31,28.3,57.85,6.35,190.63,Coffee
94,24,24,26.76,47.55,6.5,172.81,Coffee
109,24,29,23.58,55.06,6.91,145.56,Coffee
98,18,33,26.62,64.45,7.32,137.47,Coffee
96,15,39,25.17,66.17,6.3,183.01,Coffee
123,28,26,25.19,43.31,6.78,178.62,Coffee
100,27,31,26.83,47.28,6.84,219.0,Coffee
84,28,35,27.93,55.31,6.88,158.05,Coffee
92,28,29,25.75,53.66,6.29,157.07,Coffee
121,29,29,27.16,57.79,7.55,158.0,Coffee
109,23,31,26.11,58.5,6.6,142.15,Coffee
104,33,29,26.13,58.63,6.84,153.09,Coffee
101,47,30,26.92,61.97,6.69,190.45,Coffee
97,36,28,23.39,61.46,6.36,171.49,Coffee
86,26,25,31.71,47.32,6.8,186.68,Coffee
113,34,29,28.47,65.29,6.88,164.11,Coffee
97,22,33,28.39,52.71,6.74,154.51,Coffee
100,29,32,23.86,52.98,7.29,146.53,Coffee
85,25,29,28.92,65.37,7.26,178.6,Coffee
112,24,29,23.32,57.43,7.07,161.46,Coffee
116,21,31,22.75,59.56,7.1,152.74,Coffee
107,22,25,26.73,71.11,6.4,188.65,Coffee
101,19,26,25.53,56.07,6.27,115.75,Coffee
90,30,29,24.4,60.31,7.22,167.95,Coffee
99,35,27,25.01,57.49,6.31,147.6,Coffee
76,42,27,28.99,59.17,7.03,145.88,Coffee
103,33,31,27.2,56.32,6.61,118.25,Coffee
107,36,34,26.17,53.53,6.12,184.14,Coffee
79,26,29,25.35,59.15,6.86,97.72,Coffee
101,13,32,24.28,43.8,6.47,143.85,Coffee
115,30,31,28.1,58.23,7.1,175.2,Coffee
85,39,25,27.52,48.28,7.04,204.65,Coffee
98,27,31,24.78,71.63,6.88,150.1,Coffee
94,22,28,24.73,55.49,6.54,210.57,Coffee
88,30,31,26.89,58.49,6.7,169.39,Coffee
104,27,25,24.47,50.87,6.53,158.93,Coffee
105,41,28,27.2,61.04,7.32,172.51,Coffee
88,16,30,24.34,52.04,6.29,162.12,Coffee
119,26,31,25.28,49.87,7.09,130.73,Coffee
101,26,32,23.17,61.64,6.46,145.32,Coffee
57,43,31,23.81,51.03,6.6,176.02,Coffee
78,28,35,23.01,59.46,7.68,173.9,Coffee
102,32,28,28.36,56.1,6.02,148.32,Coffee
89,27,29,28.13,63.77,6.91,158.03,Coffee
88,13,30,27.25,58.14,6.59,169.71,Coffee
100,40,33,27.61,64.2,6.28,174.67,Coffee
105,33,31,26.5,77.81,6.77,181.51,Coffee
95,34,32,26.3,70.58,6.45,145.92,Coffee
103,35,30,28.33,54.27,6.34,165.8,Coffee
100,32,29,24.75,58.38,6.81,150.48,Coffee
98,26,32,25.93,74.7,6.86,144.33,Coffee
133,31,32,26.8,63.26,7.01,130.55,Coffee
105,19,29,23.9,61.4,6.93,170.13,Coffee
104,24,29,27.52,66.37,6.34,119.83,Coffee
92,36,33,23.47,61.05,7.53,168.48,Coffee
118,35,27,25.08,59.14,6.84,181.01,Coffee
105,8,26,20.69,60.13,6.9,165.18,Coffee
89,33,32,22.74,48.64,6.8,202.89,Coffee
121,32,27,27.45,55.73,6.49,104.5,Coffee
102,24,30,20.44,60.09,5.83,185.3,Coffee
107,27,31,23.35,59.41,7.12,80.74,Coffee
95,28,29,28.71,51.03,6.55,110.2,Coffee
119,27,28,25.38,63.35,6.94,224.3,Coffee
106,25,28,24.64,48.39,6.82,177.69,Coffee
93,23,34,22.36,44.43,6.34,119.59,Coffee
105,26,29,28.04,54.06,7.11,195.88,Coffee
95,34,29,27.53,47.9,6.14,148.32,Coffee
90,25,29,27.08,56.05,6.47,149.31,Coffee
91,22,25,25.65,54.92,7.19,121.92,Coffee
94,41,27,24.98,50.39,6.26,196.78,Coffee
103,29,24,26.29,67.0,7.26,174.81,Coffee
87,31,32,21.55,51.05,7.16,180.0,Coffee
82,34,30,27.22,54.46,7.06,179.2,Coffee
96,29,28,29.13,58.06,6.43,140.2,Coffee
